condition_id,avg_growth,EX_pi_e,EX_co2_e,EX_fe3_e,EX_h_e,EX_mn2_e,EX_fe2_e,EX_zn2_e,EX_mg2_e,EX_ca2_e,EX_ni2_e,EX_cu2_e,EX_sel_e,EX_cobalt2_e,EX_h2o_e,EX_mobd_e,EX_so4_e,EX_nh4_e,EX_k_e,EX_na1_e,EX_cl_e,EX_o2_e,EX_tungs_e,EX_slnt_e,EX_glyc_e,EX_ala__L_e,EX_pro__L_e,EX_thr__L_e,EX_gly_e,EX_rib__D_e,EX_malt_e,EX_melib_e,EX_tre_e,EX_fru_e,EX_gal_e,EX_ac_e,EX_lac__D_e,EX_succ_e,EX_pyr_e
cond1,0.169588466,2.2,2.2,2.2,2.2,2.2,2.2,2.2,2.2,2.2,2.2,2.2,2.2,2.2,2.2,2.2,2.2,2.2,2.2,2.2,2.2,2.2,2.2,2.2,2.2,2.2,2.2,2.2,2.2,0.0,0.0,0.0,0.0,0.0,6.32,0.0,0.0,0.0,0.0
cond2,0.134013556,2.2,2.2,2.2,2.2,2.2,2.2,2.2,2.2,2.2,2.2,2.2,2.2,2.2,2.2,2.2,2.2,2.2,2.2,2.2,2.2,2.2,2.2,2.2,2.2,2.2,2.2,2.2,2.2,0.0,0.0,0.0,0.0,3.02,0.0,0.0,0.0,0.0,0.0
cond3,0.18857016,2.2,2.2,2.2,2.2,2.2,2.2,2.2,2.2,2.2,2.2,2.2,2.2,2.2,2.2,2.2,2.2,2.2,2.2,2.2,2.2,2.2,2.2,2.2,2.2,2.2,2.2,2.2,2.2,0.0,3.04,0.0,0.0,0.0,0.0,0.0,0.0,0.0,0.0
cond4,0.198976833,2.2,2.2,2.2,2.2,2.2,2.2,2.2,2.2,2.2,2.2,2.2,2.2,2.2,2.2,2.2,2.2,2.2,2.2,2.2,2.2,2.2,2.2,2.2,2.2,2.2,2.2,2.2,2.2,0.0,0.0,2.08,0.0,0.0,0.0,0.0,0.0,0.0,0.0
cond5,0.071987774,2.2,2.2,2.2,2.2,2.2,2.2,2.2,2.2,2.2,2.2,2.2,2.2,2.2,2.2,2.2,2.2,2.2,2.2,2.2,2.2,2.2,2.2,2.2,2.2,2.2,2.2,2.2,2.2,0.0,0.0,0.0,0.0,0.0,0.0,0.0,0.0,0.0,8.9
cond6,0.092418342,2.2,2.2,2.2,2.2,2.2,2.2,2.2,2.2,2.2,2.2,2.2,2.2,2.2,2.2,2.2,2.2,2.2,2.2,2.2,2.2,2.2,2.2,2.2,2.2,2.2,2.2,2.2,2.2,0.0,0.0,0.0,0.0,0.0,0.0,0.535,0.0,0.0,0.0
cond7,0.088127768,2.2,2.2,2.2,2.2,2.2,2.2,2.2,2.2,2.2,2.2,2.2,2.2,2.2,2.2,2.2,2.2,2.2,2.2,2.2,2.2,2.2,2.2,2.2,2.2,2.2,2.2,2.2,2.2,0.0,0.0,0.0,0.0,0.0,0.0,0.0,4.07,0.0,0.0
cond8,0.089982767,2.2,2.2,2.2,2.2,2.2,2.2,2.2,2.2,2.2,2.2,2.2,2.2,2.2,2.2,2.2,2.2,2.2,2.2,2.2,2.2,2.2,2.2,2.2,2.2,2.2,2.2,2.2,2.2,6.37,0.0,0.0,0.0,0.0,0.0,0.0,0.0,0.0,0.0
cond9,0.198852586,2.2,2.2,2.2,2.2,2.2,2.2,2.2,2.2,2.2,2.2,2.2,2.2,2.2,2.2,2.2,2.2,2.2,2.2,2.2,2.2,2.2,2.2,2.2,2.2,2.2,2.2,2.2,2.2,0.0,0.0,0.0,2.35,0.0,0.0,0.0,0.0,0.0,0.0
cond10,0.105387655,2.2,2.2,2.2,2.2,2.2,2.2,2.2,2.2,2.2,2.2,2.2,2.2,2.2,2.2,2.2,2.2,2.2,2.2,2.2,2.2,2.2,2.2,2.2,2.2,2.2,2.2,2.2,2.2,0.0,0.0,0.0,0.0,0.0,0.0,0.0,0.0,0.0,0.0
cond11,0.268063388,2.2,2.2,2.2,2.2,2.2,2.2,2.2,2.2,2.2,2.2,2.2,2.2,2.2,2.2,2.2,2.2,2.2,2.2,2.2,2.2,2.2,2.2,2.2,2.2,2.2,2.2,2.2,2.2,0.0,0.0,2.45,0.0,0.0,4.63,0.0,0.0,0.0,0.0
cond12,0.157565361,2.2,2.2,2.2,2.2,2.2,2.2,2.2,2.2,2.2,2.2,2.2,2.2,2.2,2.2,2.2,2.2,2.2,2.2,2.2,2.2,2.2,2.2,2.2,2.2,2.2,2.2,2.2,2.2,0.0,0.0,0.0,0.0,0.0,0.0,0.0,0.0,0.0,10.2
cond13,0.120922381,2.2,2.2,2.2,2.2,2.2,2.2,2.2,2.2,2.2,2.2,2.2,2.2,2.2,2.2,2.2,2.2,2.2,2.2,2.2,2.2,2.2,2.2,2.2,2.2,2.2,2.2,2.2,2.2,0.0,0.0,2.42,0.0,0.0,0.0,0.0,4.58,0.0,0.0
cond14,0.272873308,2.2,2.2,2.2,2.2,2.2,2.2,2.2,2.2,2.2,2.2,2.2,2.2,2.2,2.2,2.2,2.2,2.2,2.2,2.2,2.2,2.2,2.2,2.2,2.2,2.2,2.2,2.2,2.2,0.0,0.0,0.0,2.68,2.67,0.0,0.0,0.0,0.0,0.0
cond15,0.294497138,2.2,2.2,2.2,2.2,2.2,2.2,2.2,2.2,2.2,2.2,2.2,2.2,2.2,2.2,2.2,2.2,2.2,2.2,2.2,2.2,2.2,2.2,2.2,2.2,2.2,2.2,2.2,2.2,0.0,0.0,0.0,2.7,0.0,5.26,0.0,0.0,0.0,0.0
cond16,0.238556665,2.2,2.2,2.2,2.2,2.2,2.2,2.2,2.2,2.2,2.2,2.2,2.2,2.2,2.2,2.2,2.2,2.2,2.2,2.2,2.2,2.2,2.2,2.2,2.2,2.2,2.2,2.2,2.2,0.0,4.21,0.0,0.0,0.0,0.0,0.343,0.0,0.0,0.0
cond17,0.253055112,2.2,2.2,2.2,2.2,2.2,2.2,2.2,2.2,2.2,2.2,2.2,2.2,2.2,2.2,2.2,2.2,2.2,2.2,2.2,2.2,2.2,2.2,2.2,2.2,2.2,2.2,2.2,2.2,6.56,0.0,0.0,0.0,3.21,0.0,0.0,0.0,0.0,0.0
cond18,0.260576026,2.2,2.2,2.2,2.2,2.2,2.2,2.2,2.2,2.2,2.2,2.2,2.2,2.2,2.2,2.2,2.2,2.2,2.2,2.2,2.2,2.2,2.2,2.2,2.2,2.2,2.2,2.2,2.2,0.0,2.67,0.0,2.7,0.0,0.0,0.0,0.0,0.0,0.0
cond19,0.281626307,2.2,2.2,2.2,2.2,2.2,2.2,2.2,2.2,2.2,2.2,2.2,2.2,2.2,2.2,2.2,2.2,2.2,2.2,2.2,2.2,2.2,2.2,2.2,2.2,2.2,2.2,2.2,2.2,0.0,0.0,0.0,0.0,0.0,6.11,0.0,0.0,0.0,0.0
cond20,0.135054594,2.2,2.2,2.2,2.2,2.2,2.2,2.2,2.2,2.2,2.2,2.2,2.2,2.2,2.2,2.2,2.2,2.2,2.2,2.2,2.2,2.2,2.2,2.2,2.2,2.2,2.2,2.2,2.2,0.0,0.0,0.0,0.0,2.87,0.0,0.0,0.0,0.0,9.44
cond21,0.144891489,2.2,2.2,2.2,2.2,2.2,2.2,2.2,2.2,2.2,2.2,2.2,2.2,2.2,2.2,2.2,2.2,2.2,2.2,2.2,2.2,2.2,2.2,2.2,2.2,2.2,2.2,2.2,2.2,0.0,0.0,0.0,0.0,2.78,0.0,0.0,0.0,0.0,9.87
cond22,0.24085268,2.2,2.2,2.2,2.2,2.2,2.2,2.2,2.2,2.2,2.2,2.2,2.2,2.2,2.2,2.2,2.2,2.2,2.2,2.2,2.2,2.2,2.2,2.2,2.2,2.2,2.2,2.2,2.2,0.0,1.96,0.0,0.0,0.0,5.23,0.0,0.0,0.0,6.69
cond23,0.243726969,2.2,2.2,2.2,2.2,2.2,2.2,2.2,2.2,2.2,2.2,2.2,2.2,2.2,2.2,2.2,2.2,2.2,2.2,2.2,2.2,2.2,2.2,2.2,2.2,2.2,2.2,2.2,2.2,6.52,0.0,1.72,0.0,3.43,0.0,0.0,0.0,0.0,0.0
cond24,0.105929867,2.2,2.2,2.2,2.2,2.2,2.2,2.2,2.2,2.2,2.2,2.2,2.2,2.2,2.2,2.2,2.2,2.2,2.2,2.2,2.2,2.2,2.2,2.2,2.2,2.2,2.2,2.2,2.2,0.0,0.0,0.0,0.0,0.0,0.0,0.664,5.2,0.0,6.21
cond25,0.108236991,2.2,2.2,2.2,2.2,2.2,2.2,2.2,2.2,2.2,2.2,2.2,2.2,2.2,2.2,2.2,2.2,2.2,2.2,2.2,2.2,2.2,2.2,2.2,2.2,2.2,2.2,2.2,2.2,0.0,0.0,0.535,0.0,0.0,0.0,0.856,0.0,0.0,7.72
cond26,0.245113031,2.2,2.2,2.2,2.2,2.2,2.2,2.2,2.2,2.2,2.2,2.2,2.2,2.2,2.2,2.2,2.2,2.2,2.2,2.2,2.2,2.2,2.2,2.2,2.2,2.2,2.2,2.2,2.2,0.0,2.83,2.48,0.0,2.15,0.0,0.0,0.0,0.0,0.0
cond27,0.309901093,2.2,2.2,2.2,2.2,2.2,2.2,2.2,2.2,2.2,2.2,2.2,2.2,2.2,2.2,2.2,2.2,2.2,2.2,2.2,2.2,2.2,2.2,2.2,2.2,2.2,2.2,2.2,2.2,10.8,0.0,0.0,3.22,0.0,0.0,0.0,0.0,0.0,0.0
cond28,0.199950031,2.2,2.2,2.2,2.2,2.2,2.2,2.2,2.2,2.2,2.2,2.2,2.2,2.2,2.2,2.2,2.2,2.2,2.2,2.2,2.2,2.2,2.2,2.2,2.2,2.2,2.2,2.2,2.2,0.0,0.0,2.24,3.0,0.0,0.0,0.0,0.0,0.0,0.0
cond29,0.207729257,2.2,2.2,2.2,2.2,2.2,2.2,2.2,2.2,2.2,2.2,2.2,2.2,2.2,2.2,2.2,2.2,2.2,2.2,2.2,2.2,2.2,2.2,2.2,2.2,2.2,2.2,2.2,2.2,12.5,0.0,0.0,0.0,0.0,0.0,0.0,0.0,0.0,11.8
cond30,0.383662668,2.2,2.2,2.2,2.2,2.2,2.2,2.2,2.2,2.2,2.2,2.2,2.2,2.2,2.2,2.2,2.2,2.2,2.2,2.2,2.2,2.2,2.2,2.2,2.2,2.2,2.2,2.2,2.2,0.0,2.2,0.0,0.0,1.27,4.95,0.0,0.0,0.0,0.0
cond31,0.224679495,2.2,2.2,2.2,2.2,2.2,2.2,2.2,2.2,2.2,2.2,2.2,2.2,2.2,2.2,2.2,2.2,2.2,2.2,2.2,2.2,2.2,2.2,2.2,2.2,2.2,2.2,2.2,2.2,8.11,0.0,0.0,1.67,0.0,0.0,0.0,5.09,0.0,11.2
cond32,0.351974311,2.2,2.2,2.2,2.2,2.2,2.2,2.2,2.2,2.2,2.2,2.2,2.2,2.2,2.2,2.2,2.2,2.2,2.2,2.2,2.2,2.2,2.2,2.2,2.2,2.2,2.2,2.2,2.2,11.2,0.0,0.0,0.0,5.39,5.72,0.0,0.0,0.0,0.0
cond33,0.225548644,2.2,2.2,2.2,2.2,2.2,2.2,2.2,2.2,2.2,2.2,2.2,2.2,2.2,2.2,2.2,2.2,2.2,2.2,2.2,2.2,2.2,2.2,2.2,2.2,2.2,2.2,2.2,2.2,0.0,0.0,3.61,0.0,0.0,0.0,0.265,9.25,0.0,0.0
cond34,0.133984234,2.2,2.2,2.2,2.2,2.2,2.2,2.2,2.2,2.2,2.2,2.2,2.2,2.2,2.2,2.2,2.2,2.2,2.2,2.2,2.2,2.2,2.2,2.2,2.2,2.2,2.2,2.2,2.2,0.0,0.0,0.0,0.0,0.886,0.0,0.0,3.98,0.0,8.55
cond35,0.239695735,2.2,2.2,2.2,2.2,2.2,2.2,2.2,2.2,2.2,2.2,2.2,2.2,2.2,2.2,2.2,2.2,2.2,2.2,2.2,2.2,2.2,2.2,2.2,2.2,2.2,2.2,2.2,2.2,5.84,0.0,0.476,0.952,0.0,0.0,0.0,0.0,0.0,5.28
cond36,0.36538323,2.2,2.2,2.2,2.2,2.2,2.2,2.2,2.2,2.2,2.2,2.2,2.2,2.2,2.2,2.2,2.2,2.2,2.2,2.2,2.2,2.2,2.2,2.2,2.2,2.2,2.2,2.2,2.2,9.42,2.08,0.0,3.42,0.0,0.0,0.0,0.0,0.0,0.0
cond37,0.186275974,2.2,2.2,2.2,2.2,2.2,2.2,2.2,2.2,2.2,2.2,2.2,2.2,2.2,2.2,2.2,2.2,2.2,2.2,2.2,2.2,2.2,2.2,2.2,2.2,2.2,2.2,2.2,2.2,0.0,0.0,0.0,0.0,1.93,2.95,0.0,0.0,0.0,7.97
cond38,0.161186133,2.2,2.2,2.2,2.2,2.2,2.2,2.2,2.2,2.2,2.2,2.2,2.2,2.2,2.2,2.2,2.2,2.2,2.2,2.2,2.2,2.2,2.2,2.2,2.2,2.2,2.2,2.2,2.2,0.0,3.6,0.0,0.0,2.6,0.0,0.0,0.0,0.0,9.44
cond39,0.344171114,2.2,2.2,2.2,2.2,2.2,2.2,2.2,2.2,2.2,2.2,2.2,2.2,2.2,2.2,2.2,2.2,2.2,2.2,2.2,2.2,2.2,2.2,2.2,2.2,2.2,2.2,2.2,2.2,6.13,3.96,0.0,0.0,0.0,5.05,0.633,0.0,0.0,0.0
cond40,0.296364336,2.2,2.2,2.2,2.2,2.2,2.2,2.2,2.2,2.2,2.2,2.2,2.2,2.2,2.2,2.2,2.2,2.2,2.2,2.2,2.2,2.2,2.2,2.2,2.2,2.2,2.2,2.2,2.2,8.92,0.0,2.57,2.79,0.0,0.0,0.0,0.0,0.0,0.0
cond41,0.413456737,2.2,2.2,2.2,2.2,2.2,2.2,2.2,2.2,2.2,2.2,2.2,2.2,2.2,2.2,2.2,2.2,2.2,2.2,2.2,2.2,2.2,2.2,2.2,2.2,2.2,2.2,2.2,2.2,11.3,0.0,0.0,3.77,5.35,0.0,0.0,0.0,0.0,0.0
cond42,0.256083251,2.2,2.2,2.2,2.2,2.2,2.2,2.2,2.2,2.2,2.2,2.2,2.2,2.2,2.2,2.2,2.2,2.2,2.2,2.2,2.2,2.2,2.2,2.2,2.2,2.2,2.2,2.2,2.2,12.0,0.0,0.0,0.0,0.0,6.49,0.994,0.0,0.0,0.0
cond43,0.394896858,2.2,2.2,2.2,2.2,2.2,2.2,2.2,2.2,2.2,2.2,2.2,2.2,2.2,2.2,2.2,2.2,2.2,2.2,2.2,2.2,2.2,2.2,2.2,2.2,2.2,2.2,2.2,2.2,0.0,0.0,0.0,3.99,3.27,6.45,0.0,0.0,0.0,0.0
cond44,0.420538476,2.2,2.2,2.2,2.2,2.2,2.2,2.2,2.2,2.2,2.2,2.2,2.2,2.2,2.2,2.2,2.2,2.2,2.2,2.2,2.2,2.2,2.2,2.2,2.2,2.2,2.2,2.2,2.2,0.0,0.0,0.0,4.75,0.0,4.88,0.0,0.0,0.0,0.0
cond45,0.304988049,2.2,2.2,2.2,2.2,2.2,2.2,2.2,2.2,2.2,2.2,2.2,2.2,2.2,2.2,2.2,2.2,2.2,2.2,2.2,2.2,2.2,2.2,2.2,2.2,2.2,2.2,2.2,2.2,0.0,2.09,1.64,0.0,0.0,4.22,0.0,4.62,0.0,0.0
cond46,0.23150512,2.2,2.2,2.2,2.2,2.2,2.2,2.2,2.2,2.2,2.2,2.2,2.2,2.2,2.2,2.2,2.2,2.2,2.2,2.2,2.2,2.2,2.2,2.2,2.2,2.2,2.2,2.2,2.2,0.0,0.0,0.0,0.0,2.99,0.0,0.0,0.0,0.0,13.7
cond47,0.270815956,2.2,2.2,2.2,2.2,2.2,2.2,2.2,2.2,2.2,2.2,2.2,2.2,2.2,2.2,2.2,2.2,2.2,2.2,2.2,2.2,2.2,2.2,2.2,2.2,2.2,2.2,2.2,2.2,0.0,0.0,0.0,2.62,0.0,3.78,0.361,0.0,0.0,9.51
cond48,0.335098776,2.2,2.2,2.2,2.2,2.2,2.2,2.2,2.2,2.2,2.2,2.2,2.2,2.2,2.2,2.2,2.2,2.2,2.2,2.2,2.2,2.2,2.2,2.2,2.2,2.2,2.2,2.2,2.2,0.0,2.01,1.32,2.19,0.0,0.0,0.0,4.52,0.0,0.0
cond49,0.278489607,2.2,2.2,2.2,2.2,2.2,2.2,2.2,2.2,2.2,2.2,2.2,2.2,2.2,2.2,2.2,2.2,2.2,2.2,2.2,2.2,2.2,2.2,2.2,2.2,2.2,2.2,2.2,2.2,0.0,1.19,0.0,1.84,0.0,0.0,0.0,3.51,0.0,7.49
cond50,0.076529395,2.2,2.2,2.2,2.2,2.2,2.2,2.2,2.2,2.2,2.2,2.2,2.2,2.2,2.2,2.2,2.2,2.2,2.2,2.2,2.2,2.2,2.2,2.2,2.2,2.2,2.2,2.2,2.2,0.0,0.0,1.01,0.0,0.0,0.0,0.291,5.82,0.0,9.41
cond51,0.070366424,2.2,2.2,2.2,2.2,2.2,2.2,2.2,2.2,2.2,2.2,2.2,2.2,2.2,2.2,2.2,2.2,2.2,2.2,2.2,2.2,2.2,2.2,2.2,2.2,2.2,2.2,2.2,2.2,0.0,0.0,0.0,0.0,0.0,0.0,0.459,3.96,0.0,0.0
cond52,0.209535827,2.2,2.2,2.2,2.2,2.2,2.2,2.2,2.2,2.2,2.2,2.2,2.2,2.2,2.2,2.2,2.2,2.2,2.2,2.2,2.2,2.2,2.2,2.2,2.2,2.2,2.2,2.2,2.2,0.0,0.0,0.0,4.05,0.0,0.0,0.0,0.0,0.0,0.0
cond53,0.113544159,2.2,2.2,2.2,2.2,2.2,2.2,2.2,2.2,2.2,2.2,2.2,2.2,2.2,2.2,2.2,2.2,2.2,2.2,2.2,2.2,2.2,2.2,2.2,2.2,2.2,2.2,2.2,2.2,8.27,0.0,0.0,0.0,0.0,0.0,0.0,0.0,0.0,0.0
cond54,0.219319105,2.2,2.2,2.2,2.2,2.2,2.2,2.2,2.2,2.2,2.2,2.2,2.2,2.2,2.2,2.2,2.2,2.2,2.2,2.2,2.2,2.2,2.2,2.2,2.2,2.2,2.2,2.2,2.2,0.0,0.0,0.0,4.06,0.0,0.0,0.0,0.0,0.0,0.0
cond55,0.331564639,2.2,2.2,2.2,2.2,2.2,2.2,2.2,2.2,2.2,2.2,2.2,2.2,2.2,2.2,2.2,2.2,2.2,2.2,2.2,2.2,2.2,2.2,2.2,2.2,2.2,2.2,2.2,2.2,0.0,2.68,0.0,0.0,0.0,5.83,0.0,0.0,0.0,0.0
cond56,0.136775395,2.2,2.2,2.2,2.2,2.2,2.2,2.2,2.2,2.2,2.2,2.2,2.2,2.2,2.2,2.2,2.2,2.2,2.2,2.2,2.2,2.2,2.2,2.2,2.2,2.2,2.2,2.2,2.2,0.0,0.0,0.0,0.0,0.0,0.0,0.0,6.81,0.0,0.0
cond57,0.13622547,2.2,2.2,2.2,2.2,2.2,2.2,2.2,2.2,2.2,2.2,2.2,2.2,2.2,2.2,2.2,2.2,2.2,2.2,2.2,2.2,2.2,2.2,2.2,2.2,2.2,2.2,2.2,2.2,8.01,0.0,0.0,0.0,0.0,0.0,0.0,0.0,0.0,7.32
cond58,0.10738262,2.2,2.2,2.2,2.2,2.2,2.2,2.2,2.2,2.2,2.2,2.2,2.2,2.2,2.2,2.2,2.2,2.2,2.2,2.2,2.2,2.2,2.2,2.2,2.2,2.2,2.2,2.2,2.2,0.0,0.0,0.0,0.0,2.12,0.0,0.0,6.09,0.0,0.0
cond59,0.227682007,2.2,2.2,2.2,2.2,2.2,2.2,2.2,2.2,2.2,2.2,2.2,2.2,2.2,2.2,2.2,2.2,2.2,2.2,2.2,2.2,2.2,2.2,2.2,2.2,2.2,2.2,2.2,2.2,0.0,0.0,4.16,0.0,0.0,0.0,0.0,0.0,0.0,0.0
cond60,0.202066599,2.2,2.2,2.2,2.2,2.2,2.2,2.2,2.2,2.2,2.2,2.2,2.2,2.2,2.2,2.2,2.2,2.2,2.2,2.2,2.2,2.2,2.2,2.2,2.2,2.2,2.2,2.2,2.2,0.0,0.0,0.0,0.0,0.0,3.81,0.0,0.0,0.0,10.7
cond61,0.227544843,2.2,2.2,2.2,2.2,2.2,2.2,2.2,2.2,2.2,2.2,2.2,2.2,2.2,2.2,2.2,2.2,2.2,2.2,2.2,2.2,2.2,2.2,2.2,2.2,2.2,2.2,2.2,2.2,0.0,0.0,0.0,0.0,0.0,7.21,0.0,0.0,0.0,13.0
cond62,0.213108001,2.2,2.2,2.2,2.2,2.2,2.2,2.2,2.2,2.2,2.2,2.2,2.2,2.2,2.2,2.2,2.2,2.2,2.2,2.2,2.2,2.2,2.2,2.2,2.2,2.2,2.2,2.2,2.2,0.0,0.0,2.22,0.0,0.0,4.01,0.0,5.54,0.0,0.0
cond63,0.262443281,2.2,2.2,2.2,2.2,2.2,2.2,2.2,2.2,2.2,2.2,2.2,2.2,2.2,2.2,2.2,2.2,2.2,2.2,2.2,2.2,2.2,2.2,2.2,2.2,2.2,2.2,2.2,2.2,0.0,1.9,0.0,0.0,0.0,0.0,0.438,0.0,0.0,3.58
cond64,0.186208949,2.2,2.2,2.2,2.2,2.2,2.2,2.2,2.2,2.2,2.2,2.2,2.2,2.2,2.2,2.2,2.2,2.2,2.2,2.2,2.2,2.2,2.2,2.2,2.2,2.2,2.2,2.2,2.2,5.41,0.0,1.16,0.0,0.0,0.0,0.0,0.0,0.0,10.5
cond65,0.168768829,2.2,2.2,2.2,2.2,2.2,2.2,2.2,2.2,2.2,2.2,2.2,2.2,2.2,2.2,2.2,2.2,2.2,2.2,2.2,2.2,2.2,2.2,2.2,2.2,2.2,2.2,2.2,2.2,0.0,1.01,0.0,0.0,1.71,0.0,0.0,5.53,0.0,0.0
cond66,0.362093666,2.2,2.2,2.2,2.2,2.2,2.2,2.2,2.2,2.2,2.2,2.2,2.2,2.2,2.2,2.2,2.2,2.2,2.2,2.2,2.2,2.2,2.2,2.2,2.2,2.2,2.2,2.2,2.2,0.0,2.16,0.0,2.86,2.82,0.0,0.0,0.0,0.0,0.0
cond67,0.254917211,2.2,2.2,2.2,2.2,2.2,2.2,2.2,2.2,2.2,2.2,2.2,2.2,2.2,2.2,2.2,2.2,2.2,2.2,2.2,2.2,2.2,2.2,2.2,2.2,2.2,2.2,2.2,2.2,9.46,0.0,3.44,0.0,0.0,0.0,0.0,0.0,0.0,0.0
cond68,0.242919828,2.2,2.2,2.2,2.2,2.2,2.2,2.2,2.2,2.2,2.2,2.2,2.2,2.2,2.2,2.2,2.2,2.2,2.2,2.2,2.2,2.2,2.2,2.2,2.2,2.2,2.2,2.2,2.2,0.0,0.0,0.0,1.55,0.0,4.65,0.0,0.0,0.0,6.48
cond69,0.193611314,2.2,2.2,2.2,2.2,2.2,2.2,2.2,2.2,2.2,2.2,2.2,2.2,2.2,2.2,2.2,2.2,2.2,2.2,2.2,2.2,2.2,2.2,2.2,2.2,2.2,2.2,2.2,2.2,7.09,0.0,0.0,0.0,0.0,3.62,0.0,5.9,0.0,0.0
cond70,0.336104186,2.2,2.2,2.2,2.2,2.2,2.2,2.2,2.2,2.2,2.2,2.2,2.2,2.2,2.2,2.2,2.2,2.2,2.2,2.2,2.2,2.2,2.2,2.2,2.2,2.2,2.2,2.2,2.2,6.63,1.79,0.0,0.0,4.09,0.0,0.0,0.0,0.0,0.0
cond71,0.368834615,2.2,2.2,2.2,2.2,2.2,2.2,2.2,2.2,2.2,2.2,2.2,2.2,2.2,2.2,2.2,2.2,2.2,2.2,2.2,2.2,2.2,2.2,2.2,2.2,2.2,2.2,2.2,2.2,0.0,2.6,2.38,0.0,0.0,4.99,0.0,0.0,0.0,0.0
cond72,0.176528183,2.2,2.2,2.2,2.2,2.2,2.2,2.2,2.2,2.2,2.2,2.2,2.2,2.2,2.2,2.2,2.2,2.2,2.2,2.2,2.2,2.2,2.2,2.2,2.2,2.2,2.2,2.2,2.2,6.27,0.0,0.0,0.0,0.0,0.0,0.0,5.49,0.0,12.3
cond73,0.158459452,2.2,2.2,2.2,2.2,2.2,2.2,2.2,2.2,2.2,2.2,2.2,2.2,2.2,2.2,2.2,2.2,2.2,2.2,2.2,2.2,2.2,2.2,2.2,2.2,2.2,2.2,2.2,2.2,0.0,0.0,2.13,0.0,0.0,0.0,0.0,3.45,0.0,0.0
cond74,0.153837502,2.2,2.2,2.2,2.2,2.2,2.2,2.2,2.2,2.2,2.2,2.2,2.2,2.2,2.2,2.2,2.2,2.2,2.2,2.2,2.2,2.2,2.2,2.2,2.2,2.2,2.2,2.2,2.2,0.0,0.0,0.0,0.0,0.0,0.0,0.0,8.85,0.0,13.9
cond75,0.188703211,2.2,2.2,2.2,2.2,2.2,2.2,2.2,2.2,2.2,2.2,2.2,2.2,2.2,2.2,2.2,2.2,2.2,2.2,2.2,2.2,2.2,2.2,2.2,2.2,2.2,2.2,2.2,2.2,0.0,0.0,0.0,0.0,0.0,8.11,0.0,10.8,0.0,0.0
cond76,0.165469364,2.2,2.2,2.2,2.2,2.2,2.2,2.2,2.2,2.2,2.2,2.2,2.2,2.2,2.2,2.2,2.2,2.2,2.2,2.2,2.2,2.2,2.2,2.2,2.2,2.2,2.2,2.2,2.2,0.0,2.21,0.0,0.0,0.0,0.0,0.0,8.37,0.0,0.0
cond77,0.170605084,2.2,2.2,2.2,2.2,2.2,2.2,2.2,2.2,2.2,2.2,2.2,2.2,2.2,2.2,2.2,2.2,2.2,2.2,2.2,2.2,2.2,2.2,2.2,2.2,2.2,2.2,2.2,2.2,0.0,0.0,0.0,0.0,1.22,4.1,0.0,0.0,0.0,0.0
cond78,0.215476134,2.2,2.2,2.2,2.2,2.2,2.2,2.2,2.2,2.2,2.2,2.2,2.2,2.2,2.2,2.2,2.2,2.2,2.2,2.2,2.2,2.2,2.2,2.2,2.2,2.2,2.2,2.2,2.2,6.83,0.0,0.0,1.8,0.0,0.0,0.0,0.0,0.0,9.63
cond79,0.154911893,2.2,2.2,2.2,2.2,2.2,2.2,2.2,2.2,2.2,2.2,2.2,2.2,2.2,2.2,2.2,2.2,2.2,2.2,2.2,2.2,2.2,2.2,2.2,2.2,2.2,2.2,2.2,2.2,0.0,0.0,0.0,0.0,1.55,0.0,0.0,4.65,0.0,10.7
cond80,0.302219643,2.2,2.2,2.2,2.2,2.2,2.2,2.2,2.2,2.2,2.2,2.2,2.2,2.2,2.2,2.2,2.2,2.2,2.2,2.2,2.2,2.2,2.2,2.2,2.2,2.2,2.2,2.2,2.2,6.55,0.0,0.0,2.97,0.0,0.0,0.0,0.0,0.0,0.0
cond81,0.270566653,2.2,2.2,2.2,2.2,2.2,2.2,2.2,2.2,2.2,2.2,2.2,2.2,2.2,2.2,2.2,2.2,2.2,2.2,2.2,2.2,2.2,2.2,2.2,2.2,2.2,2.2,2.2,2.2,0.0,1.89,0.0,0.0,0.0,6.72,0.0,0.0,0.0,16.2
cond82,0.240512226,2.2,2.2,2.2,2.2,2.2,2.2,2.2,2.2,2.2,2.2,2.2,2.2,2.2,2.2,2.2,2.2,2.2,2.2,2.2,2.2,2.2,2.2,2.2,2.2,2.2,2.2,2.2,2.2,0.0,0.0,2.26,2.23,0.0,0.0,0.0,0.0,0.0,14.3
cond83,0.336184625,2.2,2.2,2.2,2.2,2.2,2.2,2.2,2.2,2.2,2.2,2.2,2.2,2.2,2.2,2.2,2.2,2.2,2.2,2.2,2.2,2.2,2.2,2.2,2.2,2.2,2.2,2.2,2.2,0.0,0.0,0.0,3.82,1.26,3.55,1.26,0.0,0.0,0.0
cond84,0.302654535,2.2,2.2,2.2,2.2,2.2,2.2,2.2,2.2,2.2,2.2,2.2,2.2,2.2,2.2,2.2,2.2,2.2,2.2,2.2,2.2,2.2,2.2,2.2,2.2,2.2,2.2,2.2,2.2,5.52,0.0,0.893,2.04,3.86,0.0,0.0,0.0,0.0,0.0
cond85,0.19236413,2.2,2.2,2.2,2.2,2.2,2.2,2.2,2.2,2.2,2.2,2.2,2.2,2.2,2.2,2.2,2.2,2.2,2.2,2.2,2.2,2.2,2.2,2.2,2.2,2.2,2.2,2.2,2.2,6.19,0.0,0.0,0.0,3.1,0.0,0.0,5.85,0.0,0.0
cond86,0.167390027,2.2,2.2,2.2,2.2,2.2,2.2,2.2,2.2,2.2,2.2,2.2,2.2,2.2,2.2,2.2,2.2,2.2,2.2,2.2,2.2,2.2,2.2,2.2,2.2,2.2,2.2,2.2,2.2,0.0,3.31,0.0,0.0,0.0,0.0,0.698,5.47,0.0,10.4
cond87,0.32553523,2.2,2.2,2.2,2.2,2.2,2.2,2.2,2.2,2.2,2.2,2.2,2.2,2.2,2.2,2.2,2.2,2.2,2.2,2.2,2.2,2.2,2.2,2.2,2.2,2.2,2.2,2.2,2.2,0.0,0.0,2.02,1.89,1.85,4.05,0.0,0.0,0.0,0.0
cond88,0.251883565,2.2,2.2,2.2,2.2,2.2,2.2,2.2,2.2,2.2,2.2,2.2,2.2,2.2,2.2,2.2,2.2,2.2,2.2,2.2,2.2,2.2,2.2,2.2,2.2,2.2,2.2,2.2,2.2,4.81,0.0,1.1,0.0,0.0,2.84,0.0,4.78,0.0,0.0
cond89,0.335468814,2.2,2.2,2.2,2.2,2.2,2.2,2.2,2.2,2.2,2.2,2.2,2.2,2.2,2.2,2.2,2.2,2.2,2.2,2.2,2.2,2.2,2.2,2.2,2.2,2.2,2.2,2.2,2.2,5.27,0.0,0.0,2.35,3.39,3.65,0.0,0.0,0.0,0.0
cond90,0.291908927,2.2,2.2,2.2,2.2,2.2,2.2,2.2,2.2,2.2,2.2,2.2,2.2,2.2,2.2,2.2,2.2,2.2,2.2,2.2,2.2,2.2,2.2,2.2,2.2,2.2,2.2,2.2,2.2,0.0,0.0,4.09,0.0,0.0,7.56,0.722,0.0,0.0,0.0
cond91,0.304846878,2.2,2.2,2.2,2.2,2.2,2.2,2.2,2.2,2.2,2.2,2.2,2.2,2.2,2.2,2.2,2.2,2.2,2.2,2.2,2.2,2.2,2.2,2.2,2.2,2.2,2.2,2.2,2.2,0.0,0.0,1.83,1.69,0.0,4.38,0.0,0.0,0.0,0.0
cond92,0.237017446,2.2,2.2,2.2,2.2,2.2,2.2,2.2,2.2,2.2,2.2,2.2,2.2,2.2,2.2,2.2,2.2,2.2,2.2,2.2,2.2,2.2,2.2,2.2,2.2,2.2,2.2,2.2,2.2,0.0,0.0,3.26,0.0,0.0,0.0,1.07,0.0,0.0,0.0
cond93,0.297719374,2.2,2.2,2.2,2.2,2.2,2.2,2.2,2.2,2.2,2.2,2.2,2.2,2.2,2.2,2.2,2.2,2.2,2.2,2.2,2.2,2.2,2.2,2.2,2.2,2.2,2.2,2.2,2.2,0.0,0.0,1.24,2.26,2.05,0.0,0.0,0.0,0.0,0.0
cond94,0.246085944,2.2,2.2,2.2,2.2,2.2,2.2,2.2,2.2,2.2,2.2,2.2,2.2,2.2,2.2,2.2,2.2,2.2,2.2,2.2,2.2,2.2,2.2,2.2,2.2,2.2,2.2,2.2,2.2,0.0,0.0,0.0,0.0,1.83,3.18,0.0,0.0,0.0,9.25
cond95,0.230977486,2.2,2.2,2.2,2.2,2.2,2.2,2.2,2.2,2.2,2.2,2.2,2.2,2.2,2.2,2.2,2.2,2.2,2.2,2.2,2.2,2.2,2.2,2.2,2.2,2.2,2.2,2.2,2.2,0.0,1.82,0.0,1.62,0.0,0.0,0.0,0.0,0.0,6.13
cond96,0.203747447,2.2,2.2,2.2,2.2,2.2,2.2,2.2,2.2,2.2,2.2,2.2,2.2,2.2,2.2,2.2,2.2,2.2,2.2,2.2,2.2,2.2,2.2,2.2,2.2,2.2,2.2,2.2,2.2,9.71,0.0,0.0,0.0,0.0,0.0,0.0,0.0,0.0,0.0
cond97,0.340186706,2.2,2.2,2.2,2.2,2.2,2.2,2.2,2.2,2.2,2.2,2.2,2.2,2.2,2.2,2.2,2.2,2.2,2.2,2.2,2.2,2.2,2.2,2.2,2.2,2.2,2.2,2.2,2.2,0.0,0.0,3.15,0.0,0.0,6.76,0.0,0.0,0.0,0.0
cond98,0.204086906,2.2,2.2,2.2,2.2,2.2,2.2,2.2,2.2,2.2,2.2,2.2,2.2,2.2,2.2,2.2,2.2,2.2,2.2,2.2,2.2,2.2,2.2,2.2,2.2,2.2,2.2,2.2,2.2,0.0,0.0,2.24,2.33,0.0,0.0,0.0,4.63,0.0,0.0
cond99,0.166473868,2.2,2.2,2.2,2.2,2.2,2.2,2.2,2.2,2.2,2.2,2.2,2.2,2.2,2.2,2.2,2.2,2.2,2.2,2.2,2.2,2.2,2.2,2.2,2.2,2.2,2.2,2.2,2.2,0.0,0.0,0.641,0.0,1.9,0.0,0.0,0.0,0.0,7.81
cond100,0.131987304,2.2,2.2,2.2,2.2,2.2,2.2,2.2,2.2,2.2,2.2,2.2,2.2,2.2,2.2,2.2,2.2,2.2,2.2,2.2,2.2,2.2,2.2,2.2,2.2,2.2,2.2,2.2,2.2,9.02,0.0,0.0,0.0,0.0,0.0,0.624,0.0,0.0,12.7
cond101,0.273117994,2.2,2.2,2.2,2.2,2.2,2.2,2.2,2.2,2.2,2.2,2.2,2.2,2.2,2.2,2.2,2.2,2.2,2.2,2.2,2.2,2.2,2.2,2.2,2.2,2.2,2.2,2.2,2.2,7.24,0.0,0.0,0.0,2.87,2.84,0.0,6.45,0.0,0.0
cond102,0.37845481,2.2,2.2,2.2,2.2,2.2,2.2,2.2,2.2,2.2,2.2,2.2,2.2,2.2,2.2,2.2,2.2,2.2,2.2,2.2,2.2,2.2,2.2,2.2,2.2,2.2,2.2,2.2,2.2,5.44,2.52,0.0,2.25,0.0,4.25,0.0,0.0,0.0,0.0
cond103,0.23210631,2.2,2.2,2.2,2.2,2.2,2.2,2.2,2.2,2.2,2.2,2.2,2.2,2.2,2.2,2.2,2.2,2.2,2.2,2.2,2.2,2.2,2.2,2.2,2.2,2.2,2.2,2.2,2.2,5.64,1.81,1.57,0.0,0.0,0.0,0.0,0.0,0.0,8.0
cond104,0.367485294,2.2,2.2,2.2,2.2,2.2,2.2,2.2,2.2,2.2,2.2,2.2,2.2,2.2,2.2,2.2,2.2,2.2,2.2,2.2,2.2,2.2,2.2,2.2,2.2,2.2,2.2,2.2,2.2,11.4,1.95,0.0,0.0,5.82,0.0,0.0,0.0,0.0,0.0
cond105,0.271240007,2.2,2.2,2.2,2.2,2.2,2.2,2.2,2.2,2.2,2.2,2.2,2.2,2.2,2.2,2.2,2.2,2.2,2.2,2.2,2.2,2.2,2.2,2.2,2.2,2.2,2.2,2.2,2.2,7.17,0.0,0.0,3.05,0.0,0.0,0.0,4.69,0.0,0.0
cond106,0.260965455,2.2,2.2,2.2,2.2,2.2,2.2,2.2,2.2,2.2,2.2,2.2,2.2,2.2,2.2,2.2,2.2,2.2,2.2,2.2,2.2,2.2,2.2,2.2,2.2,2.2,2.2,2.2,2.2,0.0,0.0,1.62,0.0,0.0,2.47,0.0,4.37,0.0,0.0
cond107,0.246906685,2.2,2.2,2.2,2.2,2.2,2.2,2.2,2.2,2.2,2.2,2.2,2.2,2.2,2.2,2.2,2.2,2.2,2.2,2.2,2.2,2.2,2.2,2.2,2.2,2.2,2.2,2.2,2.2,6.97,0.0,0.649,0.0,2.72,0.0,0.0,5.63,0.0,0.0
cond108,0.392929086,2.2,2.2,2.2,2.2,2.2,2.2,2.2,2.2,2.2,2.2,2.2,2.2,2.2,2.2,2.2,2.2,2.2,2.2,2.2,2.2,2.2,2.2,2.2,2.2,2.2,2.2,2.2,2.2,0.0,2.8,3.15,2.44,0.0,0.0,0.0,0.0,0.0,0.0
cond109,0.363026447,2.2,2.2,2.2,2.2,2.2,2.2,2.2,2.2,2.2,2.2,2.2,2.2,2.2,2.2,2.2,2.2,2.2,2.2,2.2,2.2,2.2,2.2,2.2,2.2,2.2,2.2,2.2,2.2,0.0,2.47,2.19,2.51,2.34,0.0,0.0,0.0,0.0,0.0
cond110,0.194883039,2.2,2.2,2.2,2.2,2.2,2.2,2.2,2.2,2.2,2.2,2.2,2.2,2.2,2.2,2.2,2.2,2.2,2.2,2.2,2.2,2.2,2.2,2.2,2.2,2.2,2.2,2.2,2.2,0.0,0.0,0.0,0.0,4.53,0.0,0.0,8.71,0.0,19.4
