condition_id,avg_growth,EX_glc__D_e,EX_ala__L_e,EX_arg__L_e,EX_asn__L_e,EX_asp__L_e,EX_glu__L_e,EX_gln__L_e,EX_gly_e,EX_his__L_e,EX_ile__L_e,EX_leu__L_e,EX_lys__L_e,EX_met__L_e,EX_phe__L_e,EX_pro__L_e,EX_ser__L_e,EX_thr__L_e,EX_trp__L_e,EX_tyr__L_e,EX_val__L_e,EX_thm_e,EX_pydxn_e,EX_cys__L_e,EX_cl_e,EX_nh4_e,EX_so4_e,EX_pi_e,EX_k_e,EX_na1_e,EX_mg2_e,EX_ca2_e,EX_fe2_e,EX_zn2_e,EX_cu2_e,EX_mobd_e,EX_cit_e,EX_tsul_e,EX_o2_e,EX_co2_e,EX_h_e,EX_h2o_e,EX_fe3_e,EX_mn2_e,EX_ni2_e,EX_sel_e,EX_cobalt2_e,EX_tungs_e,EX_slnt_e
cond1,0,20,2.200000165,2.200000165,2.200000165,2.200000165,2.200000165,2.200000165,2.200000165,2.200000165,2.200000165,2.200000165,11.24160215,6.427442022,10.21484725,0.785556757,8.818070926,12.05987304,6.530555077,4.108520858,0,11.34484403,3.977799155,0,1.502296096,0,0,9.480180889,9.512679763,4.421801437,0,0,0,1.496855374,11.12535719,8.931517228,0,13.86426091,1.780928727,0,0,2.828802234,0,0,9.691501074,0,0,12.31808461,9.79532972
cond2,1.351957008,20,2.200000165,2.200000165,2.200000165,2.200000165,2.200000165,2.200000165,2.200000165,2.200000165,2.200000165,2.200000165,12.65425101,10.59820868,10.64939007,5.192271769,10.57687614,8.688871004,7.877991721,5.322857574,0,13.89215693,4.155714829,0,3.490073271,0,7.87893381,11.9970341,11.59286391,7.31252972,0,0,8.725480102,0,12.16263644,10.82659546,0,16.30925067,13.86206672,0,0,18.04746866,19.93464708,0,11.66809227,4.017932415,0,11.20144129,12.83463374
cond3,1.212477692,20,2.200000165,2.200000165,2.200000165,2.200000165,2.200000165,2.200000165,2.200000165,2.200000165,2.200000165,2.200000165,13.12091827,11.43215533,10.45598373,4.181715697,12.68682279,8.904769272,8.126369044,6.572440155,0,10.77911165,3.280081991,0,5.127208903,0,0,13.55529405,13.08734708,8.888792694,0,0.00827919,14.20575142,0,14.90364589,10.08281752,0,20.53906739,11.34157822,0,0,17.42362335,18.01082559,0,10.72113816,0,0,11.8264297,11.82717785
cond4,1.316641448,20,2.200000165,2.200000165,2.200000165,2.200000165,2.200000165,2.200000165,2.200000165,2.200000165,2.200000165,2.200000165,13.52916896,7.635506876,12.29597703,1.090819142,10.6784936,14.43981834,7.895798683,5.041944217,0,13.54377948,4.926857576,0,1.973211784,0,0,11.42384641,11.49612889,5.378499907,0,0,0,1.563692708,13.28002296,10.59259649,0,16.58548437,2.393566649,0,0,3.306977171,0,0,11.71937983,0,0,14.88764383,11.83728814
cond5,1.206139122,20,2.200000165,2.200000165,2.200000165,2.200000165,2.200000165,2.200000165,2.200000165,2.200000165,2.200000165,2.200000165,13.27550292,10.15896745,11.67368747,6.274182387,12.38727823,12.80121826,10.35202838,8.902809359,0,14.94969852,7.462118678,0,3.16753,0,11.6848715,13.84064004,12.34665304,9.155243114,0,0,8.352106512,0,15.68290256,11.711233,0,18.07390518,18.11854787,0,0,24.11737353,0,0,13.94046888,0,0,13.16501737,15.9941797
cond6,1.209660405,20,2.200000165,2.200000165,2.200000165,2.200000165,2.200000165,2.200000165,2.200000165,2.200000165,2.200000165,2.200000165,12.80541554,11.19884506,10.20157661,4.041336346,12.38232926,8.676531836,7.921965532,6.400925517,0,10.55959154,3.171196431,0,4.968566764,0,0,13.23117733,12.77829528,8.676531836,0,0.025910997,13.91857788,0,14.61259075,9.853068925,0,20.12885042,11.07049026,0,0,17.08843514,17.66226977,0,10.45469623,0,0,11.52661476,11.56968754
cond7,1.186655363,20,2.200000165,2.200000165,2.200000165,2.200000165,2.200000165,2.200000165,2.200000165,2.200000165,2.200000165,2.200000165,12.97834508,7.342367247,11.7971025,1.02031175,10.23848653,13.86140138,7.573331855,4.819235094,0,13.00781667,4.69993135,0,1.861564368,0,0,10.95633544,11.02163259,5.147187766,0,0,0,1.54249642,12.75467865,10.19303907,0,15.92859447,2.250222303,0,0,3.189664129,0,0,11.22991629,0,0,14.27485868,11.3457932
cond8,1.263002605,20,2.200000165,2.200000165,2.200000165,2.200000165,2.200000165,2.200000165,2.200000165,2.200000165,2.200000165,2.200000165,13.27788539,7.502065785,12.06628859,1.058769193,10.47353234,14.17746611,7.746204063,4.939878713,0,13.30023363,4.823177569,0,1.922698384,0,0,11.21029027,11.27799962,5.274410788,0,0,0,1.556409216,13.04092497,10.4100677,0,16.28400326,2.327413233,0,0,3.253423218,0,0,11.49716299,0,0,14.60652769,11.61167737
cond9,1.30251915,20,2.200000165,2.200000165,2.200000165,2.200000165,2.200000165,2.200000165,2.200000165,2.200000165,2.200000165,2.200000165,13.70612025,11.88190818,10.92997678,4.431239665,13.25391911,9.32567127,8.501374833,6.886253357,0,11.20339271,3.469646368,0,5.411309153,0,0,14.16189864,13.66281107,9.283885285,0,0,14.76863347,0,15.47209553,10.50981373,0,21.34247862,11.85156599,0,0,18.08480397,18.69363531,0,11.2182191,0,0,12.3844187,12.31589749
cond10,1.161414008,20,2.200000165,2.200000165,2.200000165,2.200000165,2.200000165,2.200000165,2.200000165,2.200000165,2.200000165,2.200000165,10.32904949,4.706455544,8.45016513,0.988042029,9.242831878,7.027018815,7.161668837,6.299217455,0,9.141210169,3.476948086,0,8.060517684,0.661129698,0,9.614582472,8.086659759,5.822044238,0,0,4.150668886,0,9.734978005,8.995124139,0,14.1106578,1.39770939,0.912692188,11.7073705,15.77393621,5.494695324,0,9.535604864,0,0,11.08846709,11.29667506
cond11,1.291217887,20,2.200000165,2.200000165,2.200000165,2.200000165,2.200000165,2.200000165,2.200000165,2.200000165,2.200000165,2.200000165,12.86479898,10.5954263,10.88610135,5.361386593,10.81667062,8.930159658,8.069833107,5.442718361,0,14.0061447,4.341020342,0,3.644666411,0,7.850019261,12.21814252,11.78369738,7.505798042,0,0,8.7285541,0,12.2222577,10.97507741,0,16.38240658,14.03639913,0,0,18.06820311,20.05621545,0,11.8944703,4.132899791,0,11.48715321,13.02293114
cond12,1.190384376,20,2.200000165,2.200000165,2.200000165,2.200000165,2.200000165,2.200000165,2.200000165,2.200000165,2.200000165,2.200000165,13.62519972,6.290657967,11.13757744,1.517235916,12.24099331,9.167783298,9.795931354,8.32080666,0,12.12925635,4.858811665,0,10.54401275,1.090595298,0,12.8185977,10.8987385,7.825537696,0,0,5.334193073,0,12.6559101,11.79969519,0,18.4047319,1.75378493,1.190461474,15.25505841,20.5299098,7.394528948,0,12.62350962,0,0,14.71729495,14.64155696
cond13,1.139834021,20,2.200000165,2.200000165,2.200000165,2.200000165,2.200000165,2.200000165,2.200000165,2.200000165,2.200000165,2.200000165,14.07269254,11.67274609,11.85506113,5.853376649,11.76262885,9.698527455,8.785865083,5.932358857,0,15.34533896,4.757808577,0,3.996957317,0,8.596779183,13.34710024,12.86119059,8.168309331,0,0,9.527320005,0,13.38475406,11.93239309,0,17.97045663,15.36040246,0,0,19.83164728,21.99346118,0,12.96229631,4.549267944,0,12.51346432,14.20323022
cond63,0.329773851,20,2.200000165,2.200000165,2.200000165,2.200000165,2.200000165,2.200000165,2.200000165,2.200000165,2.200000165,2.200000165,13.12091827,11.43215533,10.45598373,4.181715697,12.68682279,8.904769272,8.126369044,6.572440155,0,10.77911165,3.280081991,0,5.127208903,0,0,13.55529405,13.08734708,8.888792694,0,0.00827919,14.20575142,0,14.90364589,10.08281752,0,20.53906739,11.34157822,0,0,17.42362335,18.01082559,0,10.72113816,0,0,11.8264297,11.82717785
cond64,1.218084466,20,2.200000165,2.200000165,2.200000165,2.200000165,2.200000165,2.200000165,2.200000165,2.200000165,2.200000165,2.200000165,13.10556315,7.410145253,11.91132456,1.036716639,10.33828281,13.99555311,7.646785751,4.870410822,0,13.13195579,4.752293006,0,1.887634601,0,0,11.06421698,11.13040596,5.201253109,0,0,0,1.548263971,12.87613377,10.28512806,0,16.07930601,2.283203723,0,0,3.216694854,0,0,11.34343833,0,0,14.4157926,11.45868741
cond65,1.077084482,20,2.200000165,2.200000165,2.200000165,2.200000165,2.200000165,2.200000165,2.200000165,2.200000165,2.200000165,2.200000165,13.4265174,11.09894048,11.33650184,5.586654432,11.25641085,9.28575743,8.40592023,5.67360051,0,14.62848663,4.534223899,0,3.808762543,0,8.19776535,12.73996055,12.28518017,7.81256929,0,0,9.09894783,0,12.75958233,11.41812168,0,17.11776093,14.64987792,0,0,18.88659008,20.9564884,0,12.39136793,4.328035656,0,11.96294479,13.56927037
cond66,1.230349774,20,2.200000165,2.200000165,2.200000165,2.200000165,2.200000165,2.200000165,2.200000165,2.200000165,2.200000165,2.200000165,13.12091827,11.43215533,10.45598373,4.181715697,12.68682279,8.904769272,8.126369044,6.572440155,0,10.77911165,3.280081991,0,5.127208903,0,0,13.55529405,13.08734708,8.888792694,0,0.00827919,14.20575142,0,14.90364589,10.08281752,0,20.53906739,11.34157822,0,0,17.42362335,18.01082559,0,10.72113816,0,0,11.8264297,11.82717785
cond67,1.123206417,20,2.200000165,2.200000165,2.200000165,2.200000165,2.200000165,2.200000165,2.200000165,2.200000165,2.200000165,2.200000165,13.10556315,7.410145253,11.91132456,1.036716639,10.33828281,13.99555311,7.646785751,4.870410822,0,13.13195579,4.752293006,0,1.887634601,0,0,11.06421698,11.13040596,5.201253109,0,0,0,1.548263971,12.87613377,10.28512806,0,16.07930601,2.283203723,0,0,3.216694854,0,0,11.34343833,0,0,14.4157926,11.45868741
cond68,1.373994546,20,2.200000165,2.200000165,2.200000165,2.200000165,2.200000165,2.200000165,2.200000165,2.200000165,2.200000165,2.200000165,12.45349623,9.574395418,10.95379088,5.823399685,11.62938453,12.0474454,9.71941337,8.359888121,0,14.09724347,6.953292415,0,2.920216685,0,11.14806995,13.00814368,11.59011479,8.606457002,0,0,7.929286361,0,14.82535839,11.05166405,0,17.07396902,17.05409668,0,0,22.82585986,0,0,13.09681043,0,0,12.33107001,15.14572941
cond69,0.930844728,20,2.200000165,2.200000165,2.200000165,2.200000165,2.200000165,2.200000165,2.200000165,2.200000165,2.200000165,2.200000165,13.4265174,11.09894048,11.33650184,5.586654432,11.25641085,9.28575743,8.40592023,5.67360051,0,14.62848663,4.534223899,0,3.808762543,0,8.19776535,12.73996055,12.28518017,7.81256929,0,0,9.09894783,0,12.75958233,11.41812168,0,17.11776093,14.64987792,0,0,18.88659008,20.9564884,0,12.39136793,4.328035656,0,11.96294479,13.56927037
cond70,1.014016791,20,2.200000165,2.200000165,2.200000165,2.200000165,2.200000165,2.200000165,2.200000165,2.200000165,2.200000165,2.200000165,0,9.587567672,10.97306795,5.839144457,11.64924979,12.06566431,9.735667408,8.374949507,0,14.1161263,6.968762912,0,2.929588733,0,11.15293965,13.02966803,11.60928287,8.620905429,0,0,7.937619351,0,14.8416733,11.06530346,0,17.09571563,17.08027273,0,0,22.85148382,0,0,13.11725326,0,0,12.35485934,15.16185462
cond71,1.14931606,20,2.200000165,2.200000165,2.200000165,2.200000165,2.200000165,2.200000165,2.200000165,2.200000165,2.200000165,2.200000165,13.24338131,6.107121967,10.82445294,1.467123665,11.8947152,8.909735233,9.499693662,8.083291315,0,11.77597664,4.710452873,0,10.24851259,1.049296902,0,12.45119303,10.5747959,7.598999701,0,0,5.191948302,0,12.3039823,11.47334818,0,17.88688041,1.714871041,1.158222808,14.82985437,19.95902389,7.178048156,0,12.27150537,0,0,14.29665484,14.24246244
cond72,1.155740666,20,2.200000165,2.200000165,2.200000165,2.200000165,2.200000165,2.200000165,2.200000165,2.200000165,2.200000165,2.200000165,13.21105301,11.03094306,11.14577524,5.446767006,11.07587665,9.106631763,8.256972544,5.582019016,0,14.48629707,4.401584752,0,3.696707785,0,8.163438924,12.53928646,12.11041883,7.676335201,0,0,9.039710201,0,12.67699987,11.29062545,0,16.98117577,14.45077233,0,0,18.77452329,20.77537805,0,12.20491223,4.245681819,0,11.73641246,13.41782272
cond73,1.262764251,20,2.200000165,2.200000165,2.200000165,2.200000165,2.200000165,2.200000165,2.200000165,2.200000165,2.200000165,2.200000165,12.59725854,6.14319738,10.43492157,1.133039896,11.34697311,8.877665997,8.960975371,7.662094161,0,11.83161862,4.155629892,0,9.804208428,0.643624261,0,11.93685651,10.19190233,7.143623345,0,0,5.348760411,0,12.38186635,11.31474461,0,17.81005241,1.142119709,1.433307123,14.99473333,19.95591097,7.279612534,0,11.71989016,0,0,13.59941579,13.95965323
cond74,0.905795444,20,2.200000165,2.200000165,2.200000165,2.200000165,2.200000165,2.200000165,2.200000165,2.200000165,2.200000165,2.200000165,12.4777329,0,10.97324207,5.839445274,11.64849527,12.0654548,9.736181982,8.374641612,0,14.11547512,6.968569681,0,2.929832041,0,11.15274217,13.03088121,11.60925455,8.621816374,0,0,7.936549857,0,14.84169878,11.06521782,0,17.09460862,17.07953662,0,0,22.84974828,0,0,13.11766662,0,0,12.35555723,15.16065136
cond75,0.93235621,20,2.200000165,2.200000165,2.200000165,2.200000165,2.200000165,2.200000165,2.200000165,2.200000165,2.200000165,2.200000165,13.11085895,7.411423549,11.91555865,1.041069906,10.34232721,13.99985515,7.649768442,4.873295482,0,13.13528955,4.758190438,0,1.892145621,0,0,11.06890265,11.13457635,5.204341616,0,0,0,1.546712639,12.87764564,10.28602555,0,16.08231559,2.2926101,0,0,3.215822484,0,0,11.34865131,0,0,14.4224941,11.46191642
cond76,1.14198082,20,2.200000165,2.200000165,2.200000165,2.200000165,2.200000165,2.200000165,2.200000165,2.200000165,2.200000165,2.200000165,13.22296254,11.02361232,11.1511942,5.448930059,11.08156245,9.116927497,8.25903438,5.593835115,0,14.48193699,4.41426862,0,3.698644694,0,8.153217509,12.54937552,12.1209906,7.673678808,0,0,9.039512016,0,12.67084904,11.29703179,0,16.97709881,14.4565466,0,0,18.77305813,20.78358717,0,12.2136423,4.251839723,0,11.75133016,13.41104761
cond77,1.107919987,20,2.200000165,2.200000165,2.200000165,2.200000165,2.200000165,2.200000165,2.200000165,2.200000165,2.200000165,2.200000165,12.07282729,10.60159128,10.10285124,4.670928326,10.09311255,8.162019067,7.427670509,5.141450651,0,13.65480721,3.734186422,0,3.075542934,0,7.904458679,11.47262268,11.1921287,6.886980273,0,0,8.707038239,0,12.17277221,10.61182473,0,16.18558012,13.36525545,0,0,18.13497745,19.80940945,0,11.2097672,3.82012317,0,10.55624928,12.51814857
cond78,1.133722833,20,2.200000165,2.200000165,2.200000165,2.200000165,2.200000165,2.200000165,2.200000165,2.200000165,2.200000165,2.200000165,13.13905366,11.43922348,0,4.19401275,12.70375349,8.91948808,8.139810972,6.582176015,0,10.78679133,3.289984539,0,5.141774826,0,0,13.57330628,13.1034822,8.901402242,0,0.003785692,14.21470374,0,14.91189182,10.09249888,0,20.5516196,11.35734387,0,0,17.43094489,18.01789798,0,10.7361868,0,0,11.84513204,11.83912065
cond79,1.139361222,20,2.200000165,2.200000165,2.200000165,2.200000165,2.200000165,2.200000165,2.200000165,2.200000165,2.200000165,2.200000165,13.44006479,11.10367924,11.34970807,5.595151633,11.26842868,9.297744818,8.415819593,5.680697672,0,14.63698737,4.543889333,0,3.816522211,0,8.198720179,12.75251985,12.29600392,7.822188362,0,0,9.101007544,0,12.76473939,11.42509639,0,17.125929,14.66154963,0,0,18.89353223,20.96796475,0,12.40305662,4.335569888,0,11.97734438,13.57953779
cond80,1.26121314,20,2.200000165,2.200000165,2.200000165,2.200000165,2.200000165,2.200000165,2.200000165,2.200000165,2.200000165,2.200000165,12.96956122,11.37445576,10.33143479,4.078559466,12.5452929,8.781458996,8.01366169,6.49042394,0,10.71609575,3.19627149,0,5.005491544,0,0,13.40542197,12.95352377,8.783687875,0,0.046117368,14.1330386,0,14.83710229,10.00234716,0,20.43786258,11.21052101,0,0,17.36616232,17.95430027,0,10.5956988,0,0,11.67052146,11.72949295
cond287,0.595683786,20,2.200000165,2.200000165,2.200000165,2.200000165,2.200000165,2.200000165,2.200000165,2.200000165,2.200000165,2.200000165,10.16299557,7.822655514,8.990216926,0,9.789795391,10.84267255,6.398278326,5.77282276,0,14.41367909,0.500632047,0,8.161887415,0,0,10.83969481,9.039500691,4.778342005,0,0,0,0,15.72869755,11.54003121,0,21.81025147,0,4.149782714,19.53261517,24.35113326,9.38009087,0,10.003893,0,0,10.89467924,14.71026927
cond288,0.586025586,20,2.200000165,2.200000165,2.200000165,2.200000165,2.200000165,2.200000165,2.200000165,2.200000165,2.200000165,2.200000165,7.345532551,8.367687427,7.218866572,0,7.897050083,9.153254181,6.317071132,5.266450103,0,12.34721787,2.065939214,0,0,0,15.70944808,9.10211809,7.917619608,5.391381606,0,0,0,0,14.85936843,10.10148589,0,16.32751912,13.54253799,0,0,23.71476829,0,0,9.722708911,0,0,6.76339183,16.15091324
cond289,0.600180924,20,2.200000165,2.200000165,2.200000165,2.200000165,2.200000165,2.200000165,2.200000165,2.200000165,2.200000165,2.200000165,10.15917838,7.822803445,8.987690061,0,9.786681756,10.84240075,6.395304129,5.770490542,0,14.41335209,0.498198702,0,8.159209788,0,0,10.83731446,9.03752096,4.775554314,0,0,0,0,15.72889857,11.53831407,0,21.80913031,0,4.151102416,19.53264631,24.35005739,9.380279146,0,10.00078432,0,0,10.89090806,14.70816284
cond290,0.652286697,20,2.200000165,2.200000165,2.200000165,2.200000165,2.200000165,2.200000165,2.200000165,2.200000165,2.200000165,2.200000165,7.31926024,8.358415179,7.200097702,0,7.876643352,9.139027297,6.300046295,5.249717589,0,12.33441226,2.04739755,0,0,0,15.71251146,9.083166607,7.899692319,5.375816617,0,0,0,0,14.85290617,10.09052906,0,16.31498955,13.51875432,0,0,23.7027172,0,0,9.704863727,0,0,6.739813425,16.14821084
cond291,0.611152417,20,2.200000165,2.200000165,2.200000165,2.200000165,2.200000165,2.200000165,2.200000165,2.200000165,2.200000165,2.200000165,7.136292607,8.29391785,7.070947327,0,7.739264034,9.041735232,6.183528826,5.131412204,0,12.24610507,1.924011363,0,0,0,15.72647788,8.957701772,7.777838707,5.269479863,0,0,0,0,14.8111131,10.01334503,0,16.23237737,13.35298918,0,0,23.62119786,0,0,9.583378173,0,0,6.580973454,16.13227107
cond292,0.631681389,20,2.200000165,2.200000165,2.200000165,2.200000165,2.200000165,2.200000165,2.200000165,2.200000165,2.200000165,2.200000165,9.868447408,7.833449543,8.795113266,0,9.54735443,10.82483515,6.16803214,5.589988548,0,14.38612282,0.316985474,0,7.951024473,0,0,10.66077087,8.893636204,4.561274797,0,0,0,0,15.74644648,11.40672177,0,21.72983631,0,4.250758197,19.5303417,24.27133814,9.394144341,0,9.764598943,0,0,10.60566682,14.54784922
cond293,0.628758335,20,2.200000165,2.200000165,2.200000165,2.200000165,2.200000165,2.200000165,2.200000165,2.200000165,2.200000165,2.200000165,9.829105474,7.810830921,8.776349351,0,9.523072466,10.8032117,6.138045266,5.592158679,0,14.35529932,0.275277414,0,7.954019904,0,0,10.60702935,8.836839087,4.543606564,0,0,0,0,15.72084233,11.40103031,0,21.73765473,0,4.255044311,19.53985885,24.26921189,9.379154444,0,9.727175869,0,0,10.56169726,14.54295829
cond294,0.641209526,20,2.200000165,2.200000165,2.200000165,2.200000165,2.200000165,2.200000165,2.200000165,2.200000165,2.200000165,2.200000165,8.304054327,11.90871701,6.247157678,0,6.698895209,3.8764726,3.961126097,2.597128227,0,13.29492085,0,0,0,0,11.11856863,7.974299937,8.654526174,3.243792821,0,0,0,0,13.93077761,9.927933477,0,18.21991973,11.80556715,0,0,21.68639973,20.29143468,0,8.142413571,0.311598325,0,5.544996914,11.0040231
cond402,1.151847641,20,2.200000165,2.200000165,2.200000165,2.200000165,2.200000165,2.200000165,2.200000165,2.200000165,2.200000165,2.200000165,12.97834508,7.342367247,11.7971025,1.02031175,10.23848653,13.86140138,7.573331855,4.819235094,0,13.00781667,4.69993135,0,1.861564368,0,0,10.95633544,11.02163259,5.147187766,0,0,0,1.54249642,12.75467865,10.19303907,0,15.92859447,2.250222303,0,0,3.189664129,0,0,11.22991629,0,0,14.27485868,11.3457932
cond403,1.177313804,20,2.200000165,2.200000165,2.200000165,2.200000165,2.200000165,2.200000165,2.200000165,2.200000165,2.200000165,2.200000165,12.97002271,11.32045873,10.33433113,4.114651512,12.54129522,8.795598112,8.028769791,6.490559131,0,10.67399621,3.228202704,0,5.051404741,0,0,13.40030029,12.93949649,8.787233979,0,0.016712756,14.06826593,0,14.76421393,9.972898923,0,20.34251839,11.21189274,0,0,17.26304501,17.8438855,0,10.59368085,0,0,11.68305952,11.70385979
cond404,0.988109554,20,2.200000165,2.200000165,2.200000165,2.200000165,2.200000165,2.200000165,2.200000165,2.200000165,2.200000165,2.200000165,13.27274814,10.99599022,11.20091114,5.510452483,11.12299878,9.167876728,8.305758722,5.605878066,0,14.48005706,4.461904261,0,3.748858869,0,8.131548055,12.59212129,12.14848742,7.714970037,0,0,9.021249227,0,12.63867646,11.29872557,0,16.952722,14.49109174,0,0,18.71443488,20.74945398,0,12.24973187,4.26817162,0,11.81432977,13.42229888
cond405,1.02903279,20,2.200000165,2.200000165,2.200000165,2.200000165,2.200000165,2.200000165,2.200000165,2.200000165,2.200000165,2.200000165,12.97834508,7.342367247,11.7971025,1.02031175,10.23848653,13.86140138,7.573331855,4.819235094,0,13.00781667,4.69993135,0,1.861564368,0,0,10.95633544,11.02163259,5.147187766,0,0,0,1.54249642,12.75467865,10.19303907,0,15.92859447,2.250222303,0,0,3.189664129,0,0,11.22991629,0,0,14.27485868,11.3457932
cond406,1.415890621,20,2.200000165,2.200000165,2.200000165,2.200000165,2.200000165,2.200000165,2.200000165,2.200000165,2.200000165,2.200000165,12.31387459,9.475847706,10.83177518,5.746953897,11.50191095,11.91946857,9.611151032,8.26719325,0,13.95263746,6.867167391,0,2.878655251,0,11.05812773,12.86734141,11.46177627,8.513598628,0,0,7.857696116,0,14.68062781,10.93978766,0,16.9050315,16.87440619,0,0,22.60780208,0,0,12.95602798,0,0,12.19150357,15.00175193
cond407,1.204894634,20,2.200000165,2.200000165,2.200000165,2.200000165,2.200000165,2.200000165,2.200000165,2.200000165,2.200000165,2.200000165,13.27274814,10.99599022,11.20091114,5.510452483,11.12299878,9.167876728,8.305758722,5.605878066,0,14.48005706,4.461904261,0,3.748858869,0,8.131548055,12.59212129,12.14848742,7.714970037,0,0,9.021249227,0,12.63867646,11.29872557,0,16.952722,14.49109174,0,0,18.71443488,20.74945398,0,12.24973187,4.26817162,0,11.81432977,13.42229888
cond408,1.161086469,20,2.200000165,2.200000165,2.200000165,2.200000165,2.200000165,2.200000165,2.200000165,2.200000165,2.200000165,2.200000165,12.96136059,7.330794632,11.78076353,1.022561155,10.22527535,13.84345427,7.56228514,4.813067634,0,12.98921697,4.697228242,0,1.862043552,0,0,10.94327148,11.00802787,5.141836759,0,0,0,1.536669238,12.7365192,10.17509479,0,15.90702482,2.252398627,0,0,3.184698522,0,0,11.21541478,0,0,14.25538696,11.33028094
cond409,1.199273135,20,2.200000165,2.200000165,2.200000165,2.200000165,2.200000165,2.200000165,2.200000165,2.200000165,2.200000165,2.200000165,12.96629824,11.30648453,10.33181064,4.125537556,12.53692381,8.79649844,8.029941209,6.489299238,0,10.6613357,3.234706372,0,5.058347955,0,0,13.39559764,12.93123357,8.783539943,0,0.010086373,14.05303679,0,14.74752247,9.964317493,0,20.32229923,11.20975729,0,0,17.24051416,17.81781137,0,10.59025366,0,0,11.6837107,11.69543762
cond410,1.076962009,20,2.200000165,2.200000165,2.200000165,2.200000165,2.200000165,2.200000165,2.200000165,2.200000165,2.200000165,2.200000165,12.99037777,11.44045223,10.34630507,4.011862986,12.57046953,8.776793145,8.009305149,6.494196542,0,10.78533325,3.163231853,0,4.981429353,0,0,13.43200713,13.00380342,8.812091388,0,0.078991459,14.2026215,0,14.91290115,10.04290652,0,20.5217842,11.22049257,0,0,17.46599115,18.07473049,0,10.61403591,0,0,11.66551162,11.77590586
cond411,0.850112822,20,2.200000165,2.200000165,2.200000165,2.200000165,2.200000165,2.200000165,2.200000165,2.200000165,2.200000165,2.200000165,13.72186325,6.538818702,11.32795013,1.30108912,12.36128479,9.452722296,9.746055156,8.402930461,0,12.57997818,4.578181077,0,10.71402967,0.782613792,0,12.95460671,10.9230686,7.863355726,0,0,5.562719647,0,13.18655163,12.28086397,0,19.07527395,1.424545115,1.449882593,16.01879008,21.40798599,7.741378956,0,12.80979969,0,0,14.75500681,15.15856758
cond412,1.247075224,20,2.200000165,2.200000165,2.200000165,2.200000165,2.200000165,2.200000165,2.200000165,2.200000165,2.200000165,2.200000165,13.10183868,6.05602622,10.71280446,1.440499485,11.76944148,8.829589039,9.397403784,7.995549664,0,11.67478811,4.644652121,0,10.14142379,1.022924613,0,12.3226627,10.46446819,7.514111213,0,0,5.14377756,0,12.19824046,11.36867087,0,17.73229152,1.678403327,1.159421299,14.71003428,19.78711925,7.1212475,0,12.14289717,0,0,14.14121091,14.10719804
cond413,1.229584504,20,2.200000165,2.200000165,2.200000165,2.200000165,2.200000165,2.200000165,2.200000165,2.200000165,2.200000165,2.200000165,12.97002271,11.32045873,10.33433113,4.114651512,12.54129522,8.795598112,8.028769791,6.490559131,0,10.67399621,3.228202704,0,5.051404741,0,0,13.40030029,12.93949649,8.787233979,0,0.016712756,14.06826593,0,14.76421393,9.972898923,0,20.34251839,11.21189274,0,0,17.26304501,17.8438855,0,10.59368085,0,0,11.68305952,11.70385979
cond414,1.084227516,20,2.200000165,2.200000165,2.200000165,2.200000165,2.200000165,2.200000165,2.200000165,2.200000165,2.200000165,2.200000165,13.27274814,10.99599022,11.20091114,5.510452483,11.12299878,9.167876728,8.305758722,5.605878066,0,14.48005706,4.461904261,0,3.748858869,0,8.131548055,12.59212129,12.14848742,7.714970037,0,0,9.021249227,0,12.63867646,11.29872557,0,16.952722,14.49109174,0,0,18.71443488,20.74945398,0,12.24973187,4.26817162,0,11.81432977,13.42229888
cond415,1.041306217,20,2.200000165,2.200000165,2.200000165,2.200000165,2.200000165,2.200000165,2.200000165,2.200000165,2.200000165,2.200000165,12.31387459,9.475847706,10.83177518,5.746953897,11.50191095,11.91946857,9.611151032,8.26719325,0,13.95263746,6.867167391,0,2.878655251,0,11.05812773,12.86734141,11.46177627,8.513598628,0,0,7.857696116,0,14.68062781,10.93978766,0,16.9050315,16.87440619,0,0,22.60780208,0,0,12.95602798,0,0,12.19150357,15.00175193
cond416,1.214802325,20,2.200000165,2.200000165,2.200000165,2.200000165,2.200000165,2.200000165,2.200000165,2.200000165,2.200000165,2.200000165,12.97002271,11.32045873,10.33433113,4.114651512,12.54129522,8.795598112,8.028769791,6.490559131,0,10.67399621,3.228202704,0,5.051404741,0,0,13.40030029,12.93949649,8.787233979,0,0.016712756,14.06826593,0,14.76421393,9.972898923,0,20.34251839,11.21189274,0,0,17.26304501,17.8438855,0,10.59368085,0,0,11.68305952,11.70385979
cond417,1.132620047,20,2.200000165,2.200000165,2.200000165,2.200000165,2.200000165,2.200000165,2.200000165,2.200000165,2.200000165,2.200000165,12.97002271,11.32045873,10.33433113,4.114651512,12.54129522,8.795598112,8.028769791,6.490559131,0,10.67399621,3.228202704,0,5.051404741,0,0,13.40030029,12.93949649,8.787233979,0,0.016712756,14.06826593,0,14.76421393,9.972898923,0,20.34251839,11.21189274,0,0,17.26304501,17.8438855,0,10.59368085,0,0,11.68305952,11.70385979
cond687,0.428288661,20,2.200000165,2.200000165,2.200000165,2.200000165,2.200000165,2.200000165,2.200000165,2.200000165,2.200000165,2.200000165,7.653163075,0,6.334746443,1.705538277,6.522268802,4.314790498,3.905078899,2.680279054,0,10.73772982,0,0,0,0,8.897514977,7.337047383,7.532049827,3.407146465,0,0,9.436219819,0,10.94124645,8.56898509,0,0,10.15147038,0,0,17.02350818,16.77138798,0,7.343161404,0.856180936,0,5.719661992,9.236987531
cond688,0.567011297,20,2.200000165,2.200000165,2.200000165,2.200000165,2.200000165,2.200000165,2.200000165,2.200000165,2.200000165,2.200000165,7.728625014,0,8.65066085,0,6.274108067,10.49526621,4.85970987,2.477279827,0,10.1126501,1.26480862,0,0,0,0,7.53010124,7.562716193,2.483765977,0,0,0,2.175478609,10.59165653,8.157709241,0,0,0,0,0,2.911465028,0,0,6.853002086,0,0,9.139195755,8.356672563
cond689,0.679815752,20,2.200000165,2.200000165,2.200000165,2.200000165,2.200000165,2.200000165,2.200000165,2.200000165,2.200000165,2.200000165,7.62601167,0,6.308928542,1.687862966,6.497524641,4.290763699,3.886603415,2.667186782,0,10.7159365,0,0,0,0,8.889246397,7.310399227,7.507515177,3.38880688,0,0,9.426113777,0,10.92732888,8.548921645,0,0,10.12503739,0,0,17.00286716,16.74508169,0,7.317742705,0.848497269,0,5.690770447,9.213049561
cond690,0.679997473,20,2.200000165,2.200000165,2.200000165,2.200000165,2.200000165,2.200000165,2.200000165,2.200000165,2.200000165,2.200000165,7.718838193,0,8.643423542,0,6.267260052,10.48692048,4.857341908,2.472280422,0,10.10847617,1.255490277,0,0,0,0,7.522875965,7.557674497,2.479989482,0,0,0,2.177696517,10.58706783,8.156234175,0,0,0,0,0,2.913269401,0,0,6.844486482,0,0,9.127664194,8.351039141
cond691,0.633934052,20,2.200000165,2.200000165,2.200000165,2.200000165,2.200000165,2.200000165,2.200000165,2.200000165,2.200000165,2.200000165,7.142501473,0,6.652506366,0,7.02926822,7.107387967,4.362574425,4.629774764,0,9.261665866,0.051806715,0,6.522241198,0,0,6.680074669,5.343736056,3.482567351,0,0,4.527262989,0,0,8.416002914,0,0,0,2.593275467,13.7406031,17.17557162,6.085079499,0,6.918680742,0,0,7.528444976,10.67797337
cond692,0.585415258,20,2.200000165,2.200000165,2.200000165,2.200000165,2.200000165,2.200000165,2.200000165,2.200000165,2.200000165,2.200000165,6.420369633,0,6.434934847,0.910153911,6.751582809,7.764686979,5.40348826,4.517632592,0,10.27599383,2.103311857,0,0,0,12.61252448,7.72972919,6.977137662,4.499911983,0,0,7.411917597,0,12.15820134,8.576603904,0,0,11.38373792,0,0,19.22768705,0,0,8.310414664,0,0,6.126529984,12.92601421
cond693,0.554762089,20,2.200000165,2.200000165,2.200000165,2.200000165,2.200000165,2.200000165,2.200000165,2.200000165,2.200000165,2.200000165,6.420363262,0,6.434931308,0.910150902,6.751578562,7.76468344,5.403484721,4.517629761,0,10.27599029,2.103308495,0,0,0,12.61252165,7.729723528,6.977133416,4.499908797,0,0,7.411916889,0,12.15819709,8.576600365,0,0,11.38373155,0,0,19.22768421,0,0,8.310411125,0,0,6.126524322,12.92600997
cond694,0.538079267,20,2.200000165,2.200000165,2.200000165,2.200000165,2.200000165,2.200000165,2.200000165,2.200000165,2.200000165,2.200000165,7.647441179,0,6.329316869,1.701834332,6.517055109,4.309766144,3.901175354,2.677546926,0,10.7331574,0,0,0,0,8.895768821,7.331467755,7.526894882,3.403290696,0,0,9.43407163,0,10.93831331,8.564783558,0,0,10.14593959,0,0,17.01919481,16.76587701,0,7.337820306,0.854571476,0,5.71358053,9.231977686
cond695,0.609648461,20,2.200000165,2.200000165,2.200000165,2.200000165,2.200000165,2.200000165,2.200000165,2.200000165,2.200000165,2.200000165,6.419747472,0,6.434526443,0.909820269,6.751112118,7.764239646,5.403128341,4.517294616,0,10.2755741,2.102934774,0,0,0,12.61230364,7.729235142,6.976688914,4.499559142,0,0,7.411746308,0,12.15784319,8.576237969,0,0,11.38312213,0,0,19.22714911,0,0,8.309911415,0,0,6.12601541,12.92566173
cond696,0.64106935,20,2.200000165,2.200000165,2.200000165,2.200000165,2.200000165,2.200000165,2.200000165,2.200000165,2.200000165,2.200000165,7.64833089,0,6.330159865,1.702497723,6.517929956,4.31060914,3.901843522,2.677961877,0,10.73368613,0,0,0,0,8.895854466,7.332346849,7.527669929,3.403943293,0,0,9.434199743,0,10.93848389,0,0,0,10.14667004,0,0,17.01940857,16.76637672,0,7.338571995,0.854840353,0,5.714565087,9.232654348
cond697,0.691725982,20,2.200000165,2.200000165,2.200000165,2.200000165,2.200000165,2.200000165,2.200000165,2.200000165,2.200000165,2.200000165,7.142463252,0,6.652438417,0,7.029253356,7.107177041,4.362573009,4.629799891,0,9.261331074,0.051931946,0,6.522181742,0,0,6.679998934,5.343672354,3.482634593,0,0,4.5270372,0,10.30615836,8.41581393,0,0,0,2.593141692,13.74016427,17.17509031,6.084837429,0,6.918671541,0,0,7.528413124,10.67774545
cond698,0.564272152,20,2.200000165,2.200000165,2.200000165,2.200000165,2.200000165,2.200000165,2.200000165,2.200000165,2.200000165,2.200000165,7.142473869,0,6.652676947,0,7.029195316,7.108298913,4.362445958,4.629533049,0,9.263132438,0.051125198,0,6.522376388,0,0,6.6802679,5.34390239,3.482149392,0,0,4.528256748,0,10.30805528,8.416750357,0,0,0,2.593936557,13.74252409,17.17764407,6.086144038,0,6.918573864,0,0,7.528409585,10.67889422
cond699,0.574628177,20,2.200000165,2.200000165,2.200000165,2.200000165,2.200000165,2.200000165,2.200000165,2.200000165,2.200000165,2.200000165,7.315193191,0,5.790068433,0,7.650980912,3.969901111,3.750793654,3.257824704,0,8.460222334,0,0,0,0,0,8.211513758,8.289966173,5.044370927,0,1.048275009,12.03593224,0,12.1209269,7.507550567,0,0,6.740109995,0,0,15.44574678,16.25894979,0,5.932953767,0,0,5.644339845,8.525661044
cond700,0.621358991,20,2.200000165,2.200000165,2.200000165,2.200000165,2.200000165,2.200000165,2.200000165,2.200000165,2.200000165,2.200000165,7.143745087,0,6.657923907,0,7.028873265,7.129650563,4.360814821,4.625336472,0,9.297075942,0.036960092,0,6.52672939,0,0,6.686243191,5.349096972,3.473753054,0,0,4.551294036,0,10.34392897,8.434722945,0,0,0,2.608542116,13.78673077,17.22593762,6.110826619,0,6.917600632,0,0,7.529426701,10.70089281
cond701,0.353630053,20,2.200000165,2.200000165,2.200000165,2.200000165,2.200000165,2.200000165,2.200000165,2.200000165,2.200000165,2.200000165,6.420317255,0,6.434902996,0.910126572,6.75154388,7.764650881,5.403459948,4.517604634,0,10.27596056,2.10328036,0,0,0,12.61250608,7.729688846,6.977101564,4.499883316,0,0,7.411903441,0,12.15817302,8.576573469,0,0,11.38368767,0,0,19.22764599,0,0,8.310373612,0,0,6.126488224,12.92598449
cond702,0.598898275,20,2.200000165,2.200000165,2.200000165,2.200000165,2.200000165,2.200000165,2.200000165,2.200000165,2.200000165,2.200000165,6.420267709,0,6.434861943,0.910098259,6.751505658,7.76461266,5.403424557,4.517574906,0,10.27592164,2.103249924,0,0,0,12.61248484,7.729644962,6.977060512,4.499852527,0,0,7.411889993,0,12.15813905,8.576542325,0,0,11.38363104,0,0,19.22759362,0,0,8.310331851,0,0,6.126440801,12.92595193
cond703,0.596264137,20,2.200000165,2.200000165,2.200000165,2.200000165,2.200000165,2.200000165,2.200000165,2.200000165,2.200000165,2.200000165,7.647601143,0,6.329453476,1.701913783,6.517200917,4.309884347,3.901282586,2.677623192,0,10.73327206,0,0,0,0,8.895816244,7.331595868,7.527031489,3.403388727,0,0,9.434131794,0,10.93838479,8.56488619,0,0,10.1460677,0,0,17.01928541,16.76602848,0,7.337957621,0.854611113,0,5.713742618,9.232104383
cond704,0.653708616,20,2.200000165,2.200000165,2.200000165,2.200000165,2.200000165,2.200000165,2.200000165,2.200000165,2.200000165,2.200000165,7.319761366,0,5.79341352,0,7.654650882,3.97379227,3.75458112,3.260150198,0,8.461795077,0,0,0,0,0,8.216110244,8.293572441,5.047186576,0,1.046920624,12.03594357,0,12.12109677,7.510475218,0,0,6.743450128,0,0,15.44500075,16.25880539,0,5.936649218,0,0,5.648890324,8.527958579
cond887,0.744852515,20,2.200000165,2.200000165,2.200000165,2.200000165,2.200000165,2.200000165,2.200000165,2.200000165,2.200000165,2.200000165,9.053836577,11.44470189,7.122932076,0,9.290578291,4.975827429,4.560739342,4.306506701,0,10.68508964,0,0,0,0,0,9.569617026,10.3756804,6.282316484,0,1.700732987,14.23094079,0,15.43820016,8.753690384,0,20.67528307,7.588109411,0,0,18.97825085,19.66844581,0,7.152174339,0,0,7.002822496,10.39298765
cond888,0.743322697,20,2.200000165,2.200000165,2.200000165,2.200000165,2.200000165,2.200000165,2.200000165,2.200000165,2.200000165,2.200000165,12.93030635,8.127957359,11.3624889,0,12.02878624,11.2555353,8.695940562,7.78338436,0,15.14011793,2.249231907,0,10.47468536,0,0,12.6777643,10.69156606,6.682939157,0,0,6.997182705,0,16.3406036,13.58054005,0,22.96491526,0,3.224059567,20.36836177,25.86014837,9.757486917,0,12.26263233,0,0,13.81254867,16.71939544
cond889,0.670419006,20,2.200000165,2.200000165,2.200000165,2.200000165,2.200000165,2.200000165,2.200000165,2.200000165,2.200000165,2.200000165,9.568950981,12.22523049,7.490601465,0,9.743034951,5.236517023,4.80432624,4.511437528,0,11.24628004,0,0,0.0337559,0,0,10.06538499,10.92036407,6.60462264,0,1.961830454,15.18304348,0,16.39281698,9.199120663,0,21.80016667,7.980601527,0,0,20.21796308,21.05381303,0,7.483834848,0,0,7.388722114,10.94879378
cond890,0.817696965,20,2.200000165,2.200000165,2.200000165,2.200000165,2.200000165,2.200000165,2.200000165,2.200000165,2.200000165,2.200000165,7.455891408,8.391747847,7.261391506,1.020372887,8.084907234,9.320594892,6.544835046,5.527817067,0,12.15998217,2.652202016,0,0,0,14.92402077,9.082263447,8.093956523,5.620671548,0,0,8.514054455,0,14.53195758,9.980097301,0,15.75777136,13.21668856,0,0,22.82200515,0,0,9.822029546,0,0,7.149102464,15.50867066
cond891,0.973146629,20,2.200000165,2.200000165,2.200000165,2.200000165,2.200000165,2.200000165,2.200000165,2.200000165,2.200000165,2.200000165,9.053836577,11.44470189,7.122932076,0,9.290578291,4.975827429,4.560739342,4.306506701,0,10.68508964,0,0,0,0,0,9.569617026,10.3756804,6.282316484,0,1.700732987,14.23094079,0,15.43820016,8.753690384,0,20.67528307,7.588109411,0,0,18.97825085,19.66844581,0,7.152174339,0,0,7.002822496,10.39298765
cond892,0.912286629,20,2.200000165,2.200000165,2.200000165,2.200000165,2.200000165,2.200000165,2.200000165,2.200000165,2.200000165,2.200000165,12.55435564,7.883731313,11.05003327,0,11.68910347,10.95167384,8.383179158,7.576177232,0,14.72310036,2.070952067,0,10.21353286,0,0,12.26174898,10.31144213,6.467129365,0,0,6.80361215,0,15.9227296,13.23562376,0,22.45208211,0,3.148482256,19.90424968,25.26720017,9.482193179,0,11.89550228,0,0,13.39386351,16.32511541
cond893,0.74183373,20,2.200000165,2.200000165,2.200000165,2.200000165,2.200000165,2.200000165,2.200000165,2.200000165,2.200000165,2.200000165,13.80089253,8.130136691,12.84879975,0.370230515,10.94004389,15.17267697,8.003662527,5.074227564,0,14.42450285,4.213184007,0,1.248448323,0,0,11.66508552,11.91381179,5.269346442,0,0,0,2.033149786,14.38278198,11.64477292,0,17.85362631,0.794389369,0,0,3.808280881,0,0,11.80528119,0,0,15.15547588,12.49659166
cond894,0.774174306,20,2.200000165,2.200000165,2.200000165,2.200000165,2.200000165,2.200000165,2.200000165,2.200000165,2.200000165,2.200000165,9.957906902,8.956097178,9.101058505,3.478206918,9.935009405,10.79142533,8.171614781,7.039437965,0,13.10175374,5.053513646,0,1.472270293,0,12.77497284,11.07560698,9.937907867,7.237343825,0,0,8.077030778,0,14.56969351,10.47121216,0,16.24601819,15.09459898,0,0,22.59700239,0,0,11.47203591,0,0,9.83436022,15.15073784
cond895,0.762446618,20,2.200000165,2.200000165,2.200000165,2.200000165,2.200000165,2.200000165,2.200000165,2.200000165,2.200000165,2.200000165,13.99307437,8.377782851,13.07531863,0.179333109,11.02802336,15.50750561,8.108981811,5.09543553,0,14.78737757,4.066676833,0,1.023839894,0,0,11.84292652,12.07357615,5.253220871,0,0,0,2.305484368,14.82003994,11.97688006,0,18.3101026,0.481417305,0,0,3.934625871,0,0,11.92090258,0,0,15.36082007,12.77778424
cond896,0.625140842,20,2.200000165,2.200000165,2.200000165,2.200000165,2.200000165,2.200000165,2.200000165,2.200000165,2.200000165,2.200000165,7.162252069,8.886434995,7.161351033,0.274160453,8.129725456,9.527830333,6.489134319,5.421983562,0,12.89735377,1.950482214,0,0,0,16.75202385,9.114884771,8.093403019,5.457842033,0,0,9.60031949,0,15.96262433,10.55367429,0,17.08608381,13.68451238,0,0,25.02251193,0,0,10.04754759,0,0,6.745509133,17.13090204
cond897,0.740824228,20,2.200000165,2.200000165,2.200000165,2.200000165,2.200000165,2.200000165,2.200000165,2.200000165,2.200000165,2.200000165,10.05754676,8.961981162,9.17332612,3.596982285,10.00584938,10.83550248,8.234405592,7.099626884,0,13.11172813,5.17162757,0,1.567594837,0,12.61153214,11.14682067,10.0104678,7.29939498,0,0,8.030342534,0,14.5278962,10.46375968,0,16.21879034,15.14963083,0,0,22.51173876,0,0,11.5275427,0,0,9.949831553,15.07730164
cond898,0.777318218,20,2.200000165,2.200000165,2.200000165,2.200000165,2.200000165,2.200000165,2.200000165,2.200000165,2.200000165,2.200000165,13.96342017,8.278140165,13.00778128,0.298189952,11.034538,15.37845291,8.092375994,5.117505603,0,14.63353187,4.179901239,0,1.173749752,0,0,11.79463509,12.02263683,5.299729686,0,0,0,2.176673561,14.62321632,11.84221022,0,18.11691426,0.668649641,0,0,3.869416844,0,0,11.9094234,0,0,15.3149458,12.67374963
cond899,0.626913619,20,2.200000165,2.200000165,2.200000165,2.200000165,2.200000165,2.200000165,2.200000165,2.200000165,2.200000165,2.200000165,15.24159878,9.449556991,14.42296691,0,11.80868573,17.12224983,8.754020222,5.512659419,0,16.40208639,3.771936148,0,0.481098085,0,0,12.82883398,12.94521414,5.515279006,0,0,0,3.435628191,16.70286112,13.56302612,0,20.50472327,0,0,0,4.475894738,0,0,12.73086525,0,0,16.68065727,14.24724296
cond900,1.034632516,20,2.200000165,2.200000165,2.200000165,2.200000165,2.200000165,2.200000165,2.200000165,2.200000165,2.200000165,2.200000165,8.275221176,8.876297101,8.020174205,1.442765789,8.666284233,9.880921058,6.999533325,5.929395277,0,12.85850801,3.037333488,0,0,0,15.29429629,9.899379201,8.83842811,6.035148092,0,0,9.148534536,0,15.06030582,10.57993244,0,16.66835137,14.33883578,0,0,23.81783321,0,0,10.52053768,0,0,7.879635245,16.02319404
cond901,1.674527123,20,2.200000165,2.200000165,2.200000165,2.200000165,2.200000165,2.200000165,2.200000165,2.200000165,2.200000165,2.200000165,8.675814122,6.026127115,8.108328506,0,8.516804278,8.957112879,4.891689569,5.398284122,0,11.75812367,0,0,7.729770243,0,0,8.112333976,6.404361911,3.975088261,0,0,5.03170263,0,13.24471198,10.39000779,0,19.98413965,0,3.388970383,17.51255907,22.02924781,7.712852992,0,8.372705765,0,0,9.027730599,13.42446052
cond902,1.395303215,20,2.200000165,2.200000165,2.200000165,2.200000165,2.200000165,2.200000165,2.200000165,2.200000165,2.200000165,2.200000165,5.764334053,7.799988762,5.921618268,0,6.750925966,7.57439144,5.176823214,4.365973305,0,11.07457854,1.159378476,0,0,0,14.307153,7.604381144,6.804015599,4.021159299,0,0,8.83304242,0,13.90783906,9.1020827,0,14.97906677,11.51876096,0,0,21.69408083,0,0,8.562343046,0,0,5.425574612,14.55250375
