bnumber,gene name,GLC_CHEM_mu=0.11_V,GLC_CHEM_mu=0.12_S,GLC_CHEM_mu=0.20_S,GLC_CHEM_mu=0.21_P,GLC_CHEM_mu=0.21_V,GLC_CHEM_mu=0.22_P,GLC_CHEM_mu=0.26_P,GAL_BATCH_mu=0.26_S,ACE_BATCH_mu=0.3_S,GLC_CHEM_mu=0.31_P,GLC_CHEM_mu=0.31_V,GLC_CHEM_mu=0.35_S,GLC_CHEM_mu=0.36_P,PYR_BATCH_mu=0.4_S,GLC_CHEM_mu=0.40_V,GLC_CHEM_mu=0.41_P,FUM_BATCH_mu=0.42_S,SUCC_BATCH_mu=0.44_S,GLC_CHEM_mu=0.46_P,GAM_BATCH_mu=0.46_S,GLYC_BATCH_mu=0.47_S,MAN_BATCH_mu=0.47_S,GLC_CHEM_mu=0.49_V,GLC_CHEM_mu=0.50_S,GLC_CHEM_mu=0.51_P,GLC+SALTS_BATCH_mu=0.55_S,XYL_BATCH_mu=0.55_S,GLC_BATCH_mu=0.58_S,GLC@pH6_BATCH_mu=0.63_S,FRU_BATCH_mu=0.65_S,GLC@42deg_BATCH_mu=0.66_S
b0003,thrB,7.70E-07,8.00E-07,8.50E-07,2.40E-06,1.00E-06,2.60E-06,1.40E-06,2.80E-06,1.70E-06,3.00E-06,1.20E-06,8.70E-07,3.90E-06,3.40E-06,1.90E-06,4.10E-06,1.80E-06,1.60E-06,2.70E-06,4.30E-06,1.70E-06,8.80E-07,2.00E-06,1.20E-06,4.80E-06,4.20E-06,5.50E-06,2.10E-06,2.90E-06,2.40E-06,2.00E-06
b0004,thrC,1.60E-05,1.60E-05,1.70E-05,2.30E-05,2.00E-05,2.20E-05,2.10E-05,2.40E-05,2.50E-05,2.70E-05,2.00E-05,2.10E-05,2.90E-05,7.90E-05,2.50E-05,3.10E-05,3.50E-05,3.90E-05,3.50E-05,3.50E-05,4.20E-05,3.50E-05,2.80E-05,3.30E-05,3.80E-05,6.10E-05,6.30E-05,5.20E-05,3.30E-05,4.90E-05,2.50E-05
b0009,mog,9.80E-07,1.10E-07,1.20E-07,,8.60E-07,4.80E-07,5.90E-08,4.50E-07,2.10E-07,,8.40E-07,1.10E-07,,1.90E-07,6.50E-07,,2.70E-07,7.00E-08,2.50E-07,,1.70E-07,8.80E-08,6.00E-07,1.30E-07,3.70E-07,,,1.70E-07,,6.50E-08,
b0025,ribF,,4.70E-07,6.10E-07,,,3.60E-06,5.20E-07,,4.40E-07,,,4.80E-07,,5.70E-07,,,5.20E-07,4.50E-07,5.60E-07,3.30E-06,5.90E-07,4.30E-07,,6.70E-07,3.30E-06,5.40E-07,3.80E-07,5.70E-07,5.20E-07,5.80E-07,6.00E-07
b0025,ribF,,4.70E-07,6.10E-07,,,3.60E-06,5.20E-07,,4.40E-07,,,4.80E-07,,5.70E-07,,,5.20E-07,4.50E-07,5.60E-07,3.30E-06,5.90E-07,4.30E-07,,6.70E-07,3.30E-06,5.40E-07,3.80E-07,5.70E-07,5.20E-07,5.80E-07,6.00E-07
b0029,ispH,8.70E-07,3.30E-07,4.10E-07,7.70E-07,9.70E-07,,4.20E-07,,5.20E-07,,9.70E-07,5.20E-07,,7.20E-07,9.50E-07,7.30E-07,6.20E-07,5.30E-07,5.20E-07,6.60E-07,7.90E-07,5.50E-07,9.40E-07,5.30E-07,6.90E-07,5.50E-07,3.80E-07,7.90E-07,4.80E-07,6.50E-07,5.10E-07
b0029,ispH,8.70E-07,3.30E-07,4.10E-07,7.70E-07,9.70E-07,,4.20E-07,,5.20E-07,,9.70E-07,5.20E-07,,7.20E-07,9.50E-07,7.30E-07,6.20E-07,5.30E-07,5.20E-07,6.60E-07,7.90E-07,5.50E-07,9.40E-07,5.30E-07,6.90E-07,5.50E-07,3.80E-07,7.90E-07,4.80E-07,6.50E-07,5.10E-07
b0031,dapB,3.00E-06,4.50E-06,4.70E-06,2.90E-06,3.40E-06,2.50E-06,4.90E-06,2.50E-06,7.10E-06,2.60E-06,3.30E-06,4.60E-06,2.80E-06,6.70E-06,3.20E-06,3.10E-06,4.80E-06,4.30E-06,6.30E-06,3.70E-06,6.70E-06,5.90E-06,5.50E-06,5.50E-06,4.40E-06,7.30E-06,9.60E-06,1.10E-05,1.40E-05,7.80E-06,1.40E-05
b0073,leuB,2.00E-05,3.70E-05,3.00E-05,2.30E-05,2.80E-05,2.50E-05,3.50E-05,2.40E-05,3.20E-05,2.30E-05,2.40E-05,2.60E-05,2.20E-05,1.20E-05,1.80E-05,1.90E-05,1.80E-05,1.70E-05,1.60E-05,1.90E-05,1.90E-05,1.60E-05,1.60E-05,2.00E-05,1.70E-05,2.50E-05,4.40E-05,1.60E-05,1.60E-05,1.70E-05,2.10E-05
b0074,leuA,2.50E-05,2.70E-05,1.80E-05,2.80E-05,3.00E-05,2.90E-05,1.90E-05,2.80E-05,1.90E-05,2.70E-05,2.30E-05,1.60E-05,2.40E-05,8.40E-06,1.70E-05,2.20E-05,1.20E-05,1.40E-05,1.20E-05,2.00E-05,1.30E-05,1.30E-05,1.30E-05,1.40E-05,1.80E-05,1.90E-05,2.30E-05,9.60E-06,7.60E-06,1.30E-05,1.60E-05
b0085,murE,4.60E-07,1.10E-06,1.10E-06,4.20E-07,7.60E-07,4.00E-07,1.40E-06,4.60E-07,2.20E-06,3.50E-07,5.50E-07,1.20E-06,4.20E-07,2.00E-06,5.90E-07,4.30E-07,1.60E-06,1.40E-06,1.30E-06,4.60E-07,1.40E-06,1.50E-06,7.20E-07,1.30E-06,4.90E-07,1.70E-06,1.50E-06,1.80E-06,2.00E-06,1.50E-06,2.00E-06
b0086,murF,6.50E-07,1.00E-06,1.10E-06,1.50E-07,6.10E-07,2.10E-07,1.10E-06,2.00E-07,2.20E-06,2.00E-07,6.20E-07,1.10E-06,2.60E-07,2.00E-06,7.30E-07,2.50E-07,1.90E-06,1.00E-06,1.30E-06,,1.80E-06,1.30E-06,7.80E-07,1.60E-06,2.40E-07,1.50E-06,1.60E-06,1.90E-06,1.90E-06,1.10E-06,1.80E-06
b0087,mraY,,1.00E-07,1.10E-07,,,,6.80E-08,,7.90E-08,,,1.00E-07,,1.30E-07,,,9.50E-08,,8.80E-08,,9.50E-08,,,1.30E-07,,8.70E-08,6.50E-08,7.10E-08,1.00E-07,7.10E-08,1.40E-07
b0088,murD,4.80E-07,1.40E-07,1.40E-07,7.80E-07,4.40E-07,7.20E-07,2.20E-07,6.90E-07,3.00E-07,6.30E-07,3.70E-07,1.50E-07,5.90E-07,3.30E-07,5.00E-07,6.40E-07,2.70E-07,2.40E-07,3.70E-07,1.00E-06,2.60E-07,2.30E-07,3.90E-07,1.90E-07,8.50E-07,2.10E-07,1.70E-07,2.90E-07,6.30E-07,2.50E-07,1.80E-07
b0090,murG,,2.80E-07,2.30E-07,2.20E-07,,2.30E-07,3.20E-07,2.40E-07,3.20E-07,2.80E-07,,2.60E-07,2.30E-07,4.40E-07,,2.70E-07,2.40E-07,3.80E-07,2.90E-07,2.50E-07,3.50E-07,3.00E-07,,3.30E-07,2.90E-07,3.90E-07,2.50E-07,3.30E-07,3.40E-07,3.90E-07,5.80E-07
b0091,murC,5.20E-07,7.60E-07,9.90E-07,2.30E-07,5.50E-07,2.60E-07,1.10E-06,2.60E-07,1.40E-06,2.30E-07,6.10E-07,8.80E-07,,1.60E-06,6.40E-07,2.60E-07,1.30E-06,1.40E-06,1.20E-06,2.50E-07,1.30E-06,1.40E-06,7.20E-07,1.10E-06,2.90E-07,1.60E-06,1.50E-06,1.50E-06,1.80E-06,1.40E-06,2.10E-06
b0096,lpxC,,5.30E-07,6.00E-07,7.10E-07,,3.90E-07,6.10E-07,3.60E-07,3.90E-07,2.70E-07,,4.20E-07,,4.40E-07,,2.50E-07,5.20E-07,4.30E-07,4.60E-07,2.80E-07,4.40E-07,4.80E-07,,3.70E-07,2.70E-07,3.90E-07,5.40E-07,4.60E-07,3.30E-07,3.40E-07,6.50E-07
b0103,coaE,,2.50E-07,2.10E-07,,,,1.50E-07,,2.80E-07,,,2.00E-07,,2.60E-07,,,2.30E-07,1.40E-07,1.80E-07,,1.60E-07,1.60E-07,,2.10E-07,,1.90E-07,3.30E-07,2.50E-07,2.70E-07,1.60E-07,1.90E-07
b0109,nadC,2.00E-06,1.50E-06,1.50E-06,8.40E-07,2.00E-06,9.00E-07,2.30E-06,8.70E-07,1.80E-06,8.40E-07,1.80E-06,1.70E-06,7.90E-07,2.40E-06,1.50E-06,7.50E-07,1.90E-06,2.20E-06,1.90E-06,7.60E-07,2.10E-06,2.30E-06,1.60E-06,1.60E-06,7.10E-07,2.90E-06,1.90E-06,2.20E-06,2.30E-06,2.20E-06,1.60E-06
b0126,can,1.40E-05,5.60E-06,6.20E-06,1.20E-05,1.50E-05,1.10E-05,9.60E-06,1.20E-05,9.30E-06,1.10E-05,1.30E-05,6.50E-06,1.00E-05,1.00E-05,1.40E-05,1.00E-05,8.50E-06,9.00E-06,9.80E-06,1.00E-05,9.80E-06,9.30E-06,1.40E-05,8.00E-06,1.00E-05,1.20E-05,2.30E-05,1.30E-05,2.80E-05,1.10E-05,1.60E-05
b0131,panD,,4.90E-07,7.30E-07,2.80E-06,,3.40E-06,9.50E-07,3.50E-06,1.20E-06,3.40E-06,,9.70E-07,3.30E-06,1.70E-06,,3.30E-06,1.50E-06,1.20E-06,1.50E-06,4.30E-06,1.50E-06,1.00E-06,,1.10E-06,4.40E-06,1.70E-06,1.60E-06,2.40E-06,2.00E-06,1.60E-06,2.60E-06
b0133,panC,5.70E-06,4.30E-06,4.40E-06,8.20E-06,5.30E-06,8.30E-06,4.70E-06,8.10E-06,4.80E-06,7.50E-06,4.60E-06,3.90E-06,7.30E-06,5.70E-06,4.10E-06,6.90E-06,4.70E-06,4.10E-06,4.50E-06,6.70E-06,5.20E-06,3.80E-06,4.30E-06,4.10E-06,6.90E-06,4.80E-06,5.20E-06,4.60E-06,5.30E-06,4.50E-06,5.10E-06
b0134,panB,1.50E-05,1.10E-05,9.80E-06,7.90E-06,1.40E-05,8.00E-06,6.80E-06,7.90E-06,1.20E-05,7.80E-06,1.10E-05,9.70E-06,7.70E-06,8.40E-06,1.10E-05,7.00E-06,9.90E-06,7.10E-06,8.50E-06,7.00E-06,8.60E-06,7.80E-06,1.00E-05,9.20E-06,6.70E-06,8.20E-06,6.70E-06,9.10E-06,7.30E-06,7.60E-06,9.50E-06
b0142,folK,,9.50E-07,1.20E-06,,,,6.00E-07,,7.00E-07,,,1.20E-06,,7.60E-07,,,9.00E-07,7.00E-07,9.80E-07,,6.40E-07,,,1.10E-06,,,6.60E-07,7.60E-07,8.10E-07,,7.60E-07
b0154,hemL,5.90E-06,6.10E-06,7.00E-06,5.20E-06,6.40E-06,5.20E-06,7.90E-06,5.40E-06,6.70E-06,5.50E-06,6.90E-06,7.30E-06,5.50E-06,8.70E-06,7.00E-06,5.30E-06,8.60E-06,8.10E-06,8.40E-06,5.10E-06,9.70E-06,7.80E-06,7.70E-06,8.00E-06,5.40E-06,9.50E-06,9.20E-06,1.00E-05,9.00E-06,9.10E-06,1.00E-05
b0159,mtnN,2.70E-06,6.00E-06,6.70E-06,2.00E-06,2.90E-06,2.20E-06,9.80E-06,2.30E-06,5.90E-06,2.10E-06,3.10E-06,7.10E-06,2.40E-06,7.90E-06,3.10E-06,2.50E-06,7.10E-06,8.10E-06,7.90E-06,2.10E-06,7.60E-06,7.10E-06,3.70E-06,8.60E-06,2.20E-06,1.00E-05,1.70E-05,7.70E-06,1.40E-05,8.50E-06,7.80E-06
b0159,mtnN,2.70E-06,6.00E-06,6.70E-06,2.00E-06,2.90E-06,2.20E-06,9.80E-06,2.30E-06,5.90E-06,2.10E-06,3.10E-06,7.10E-06,2.40E-06,7.90E-06,3.10E-06,2.50E-06,7.10E-06,8.10E-06,7.90E-06,2.10E-06,7.60E-06,7.10E-06,3.70E-06,8.60E-06,2.20E-06,1.00E-05,1.70E-05,7.70E-06,1.40E-05,8.50E-06,7.80E-06
b0166,dapD,1.20E-05,1.40E-05,1.80E-05,2.00E-05,1.70E-05,2.00E-05,1.80E-05,2.10E-05,2.00E-05,2.10E-05,1.80E-05,1.80E-05,2.30E-05,2.80E-05,2.00E-05,2.50E-05,1.90E-05,1.90E-05,2.20E-05,2.80E-05,2.80E-05,2.60E-05,2.30E-05,2.20E-05,3.30E-05,3.50E-05,3.40E-05,3.90E-05,4.10E-05,3.40E-05,5.40E-05
b0173,dxr,,7.90E-08,1.70E-06,,,,7.70E-08,,1.40E-07,,,2.10E-07,,2.90E-07,,,1.80E-07,2.10E-07,1.90E-07,,2.20E-07,,,1.80E-07,,,1.10E-07,2.60E-07,2.00E-07,,3.60E-07
b0174,ispU,,,1.40E-07,,,,,,,,,8.80E-08,,,,3.20E-07,,8.60E-08,1.00E-07,,9.90E-08,,,,,,6.10E-08,1.10E-07,7.60E-08,,
b0175,cdsA,,3.00E-07,3.00E-07,,,,3.10E-07,,1.30E-07,,,2.60E-07,,1.80E-07,,,1.60E-07,2.80E-07,2.30E-07,,1.50E-07,3.00E-07,,2.10E-07,,3.40E-07,2.50E-07,1.60E-07,2.60E-07,4.40E-07,2.70E-07
b0175,cdsA,,3.00E-07,3.00E-07,,,,3.10E-07,,1.30E-07,,,2.60E-07,,1.80E-07,,,1.60E-07,2.80E-07,2.30E-07,,1.50E-07,3.00E-07,,2.10E-07,,3.40E-07,2.50E-07,1.60E-07,2.60E-07,4.40E-07,2.70E-07
b0179,lpxD,5.60E-06,3.30E-07,2.90E-07,1.20E-06,5.10E-06,1.20E-06,2.00E-07,1.10E-06,2.10E-07,1.10E-06,4.70E-06,2.90E-07,1.10E-06,2.90E-07,4.30E-06,1.10E-06,3.40E-07,2.70E-07,3.50E-07,1.10E-06,3.60E-07,2.40E-07,3.70E-06,3.20E-07,1.00E-06,1.80E-07,3.60E-07,3.00E-07,3.30E-07,2.00E-07,2.50E-07
b0180,fabZ,1.00E-05,1.50E-05,1.60E-05,9.50E-06,1.40E-05,9.20E-06,1.70E-05,1.00E-05,1.20E-05,1.10E-05,1.60E-05,1.60E-05,1.10E-05,1.30E-05,1.70E-05,1.20E-05,1.20E-05,1.60E-05,1.80E-05,1.20E-05,1.60E-05,1.80E-05,2.00E-05,1.90E-05,1.30E-05,2.00E-05,2.20E-05,1.70E-05,1.80E-05,1.90E-05,1.90E-05
b0180,fabZ,1.00E-05,1.50E-05,1.60E-05,9.50E-06,1.40E-05,9.20E-06,1.70E-05,1.00E-05,1.20E-05,1.10E-05,1.60E-05,1.60E-05,1.10E-05,1.30E-05,1.70E-05,1.20E-05,1.20E-05,1.60E-05,1.80E-05,1.20E-05,1.60E-05,1.80E-05,2.00E-05,1.90E-05,1.30E-05,2.00E-05,2.20E-05,1.70E-05,1.80E-05,1.90E-05,1.90E-05
b0182,lpxB,3.40E-06,1.60E-07,1.50E-07,,,,1.30E-07,,1.00E-07,,2.30E-06,1.10E-07,,1.30E-07,1.80E-06,,1.10E-07,7.80E-08,1.20E-07,,1.10E-07,6.90E-08,1.60E-06,1.10E-07,,9.00E-08,7.20E-08,1.10E-07,6.50E-08,1.00E-07,7.10E-08
b0221,fadE,1.40E-06,1.80E-06,2.10E-06,1.70E-06,1.50E-06,1.30E-06,5.10E-07,7.00E-07,1.40E-06,1.50E-06,1.10E-06,2.20E-06,1.00E-06,1.60E-06,6.50E-07,1.00E-06,7.40E-07,5.50E-07,8.40E-07,6.20E-07,4.50E-07,1.10E-06,2.80E-07,1.60E-06,5.90E-07,4.30E-07,5.10E-07,3.00E-07,1.80E-07,6.70E-07,5.00E-07
b0221,fadE,1.40E-06,1.80E-06,2.10E-06,1.70E-06,1.50E-06,1.30E-06,5.10E-07,7.00E-07,1.40E-06,1.50E-06,1.10E-06,2.20E-06,1.00E-06,1.60E-06,6.50E-07,1.00E-06,7.40E-07,5.50E-07,8.40E-07,6.20E-07,4.50E-07,1.10E-06,2.80E-07,1.60E-06,5.90E-07,4.30E-07,5.10E-07,3.00E-07,1.80E-07,6.70E-07,5.00E-07
b0221,fadE,1.40E-06,1.80E-06,2.10E-06,1.70E-06,1.50E-06,1.30E-06,5.10E-07,7.00E-07,1.40E-06,1.50E-06,1.10E-06,2.20E-06,1.00E-06,1.60E-06,6.50E-07,1.00E-06,7.40E-07,5.50E-07,8.40E-07,6.20E-07,4.50E-07,1.10E-06,2.80E-07,1.60E-06,5.90E-07,4.30E-07,5.10E-07,3.00E-07,1.80E-07,6.70E-07,5.00E-07
b0221,fadE,1.40E-06,1.80E-06,2.10E-06,1.70E-06,1.50E-06,1.30E-06,5.10E-07,7.00E-07,1.40E-06,1.50E-06,1.10E-06,2.20E-06,1.00E-06,1.60E-06,6.50E-07,1.00E-06,7.40E-07,5.50E-07,8.40E-07,6.20E-07,4.50E-07,1.10E-06,2.80E-07,1.60E-06,5.90E-07,4.30E-07,5.10E-07,3.00E-07,1.80E-07,6.70E-07,5.00E-07
b0221,fadE,1.40E-06,1.80E-06,2.10E-06,1.70E-06,1.50E-06,1.30E-06,5.10E-07,7.00E-07,1.40E-06,1.50E-06,1.10E-06,2.20E-06,1.00E-06,1.60E-06,6.50E-07,1.00E-06,7.40E-07,5.50E-07,8.40E-07,6.20E-07,4.50E-07,1.10E-06,2.80E-07,1.60E-06,5.90E-07,4.30E-07,5.10E-07,3.00E-07,1.80E-07,6.70E-07,5.00E-07
b0221,fadE,1.40E-06,1.80E-06,2.10E-06,1.70E-06,1.50E-06,1.30E-06,5.10E-07,7.00E-07,1.40E-06,1.50E-06,1.10E-06,2.20E-06,1.00E-06,1.60E-06,6.50E-07,1.00E-06,7.40E-07,5.50E-07,8.40E-07,6.20E-07,4.50E-07,1.10E-06,2.80E-07,1.60E-06,5.90E-07,4.30E-07,5.10E-07,3.00E-07,1.80E-07,6.70E-07,5.00E-07
b0221,fadE,1.40E-06,1.80E-06,2.10E-06,1.70E-06,1.50E-06,1.30E-06,5.10E-07,7.00E-07,1.40E-06,1.50E-06,1.10E-06,2.20E-06,1.00E-06,1.60E-06,6.50E-07,1.00E-06,7.40E-07,5.50E-07,8.40E-07,6.20E-07,4.50E-07,1.10E-06,2.80E-07,1.60E-06,5.90E-07,4.30E-07,5.10E-07,3.00E-07,1.80E-07,6.70E-07,5.00E-07
b0242,proB,1.90E-06,2.20E-06,2.30E-06,2.50E-06,2.10E-06,2.50E-06,1.80E-06,2.30E-06,1.90E-06,2.40E-06,1.90E-06,2.40E-06,2.20E-06,2.40E-06,1.70E-06,2.30E-06,1.90E-06,2.00E-06,1.90E-06,2.30E-06,2.10E-06,2.30E-06,1.60E-06,2.30E-06,2.20E-06,2.60E-06,1.40E-06,2.40E-06,2.00E-06,2.40E-06,2.70E-06
b0243,proA,3.80E-06,4.00E-06,3.90E-06,3.80E-06,4.20E-06,3.70E-06,4.20E-06,3.70E-06,3.00E-06,3.40E-06,3.20E-06,3.60E-06,3.10E-06,3.20E-06,2.60E-06,3.00E-06,2.90E-06,3.20E-06,3.00E-06,2.80E-06,3.60E-06,3.00E-06,2.20E-06,3.50E-06,2.70E-06,3.70E-06,3.30E-06,3.30E-06,3.80E-06,3.60E-06,4.40E-06
b0369,hemB,6.40E-06,1.20E-06,1.20E-06,2.00E-06,7.80E-06,2.10E-06,1.60E-06,2.20E-06,1.40E-06,2.00E-06,6.30E-06,1.10E-06,2.00E-06,1.50E-06,4.30E-06,1.90E-06,1.40E-06,1.40E-06,1.70E-06,2.00E-06,1.40E-06,1.30E-06,7.90E-06,1.30E-06,1.90E-06,1.80E-06,1.70E-06,1.60E-06,2.30E-06,1.40E-06,1.60E-06
b0386,proC,6.20E-06,4.10E-06,3.40E-06,5.40E-06,4.90E-06,5.50E-06,3.00E-06,4.90E-06,2.00E-06,4.80E-06,3.60E-06,3.00E-06,4.40E-06,1.60E-06,3.20E-06,4.10E-06,2.20E-06,1.60E-06,2.00E-06,3.90E-06,1.70E-06,1.40E-06,3.10E-06,2.70E-06,3.70E-06,2.00E-06,2.60E-06,1.90E-06,2.00E-06,1.20E-06,2.20E-06
b0414,ribD,2.60E-07,3.30E-07,3.50E-07,,2.10E-07,,5.20E-07,,4.60E-07,,2.40E-07,3.60E-07,,7.20E-07,1.60E-07,,6.00E-07,6.40E-07,6.80E-07,,6.70E-07,4.90E-07,1.90E-07,5.00E-07,,5.80E-07,6.80E-07,6.90E-07,8.30E-07,4.70E-07,6.00E-07
b0414,ribD,2.60E-07,3.30E-07,3.50E-07,,2.10E-07,,5.20E-07,,4.60E-07,,2.40E-07,3.60E-07,,7.20E-07,1.60E-07,,6.00E-07,6.40E-07,6.80E-07,,6.70E-07,4.90E-07,1.90E-07,5.00E-07,,5.80E-07,6.80E-07,6.90E-07,8.30E-07,4.70E-07,6.00E-07
b0415,ribE,2.50E-05,1.10E-05,1.20E-05,1.80E-05,3.00E-05,1.90E-05,1.40E-05,1.90E-05,2.20E-05,2.00E-05,3.70E-05,1.60E-05,2.10E-05,2.10E-05,3.50E-05,2.10E-05,2.10E-05,2.20E-05,2.30E-05,2.10E-05,2.10E-05,1.90E-05,3.30E-05,2.00E-05,2.00E-05,2.30E-05,2.30E-05,2.60E-05,2.40E-05,1.90E-05,1.50E-05
b0417,thiL,9.70E-07,2.10E-07,2.50E-07,2.60E-07,8.90E-07,2.50E-07,3.10E-07,2.50E-07,3.40E-07,2.60E-07,8.40E-07,2.30E-07,,3.30E-07,8.10E-07,,2.50E-07,2.40E-07,3.00E-07,1.90E-07,3.10E-07,2.70E-07,6.90E-07,2.20E-07,,2.90E-07,4.20E-07,3.60E-07,3.60E-07,1.80E-07,4.00E-07
b0420,dxs,5.50E-07,1.40E-06,1.30E-06,7.30E-07,5.40E-07,6.90E-07,1.00E-06,6.90E-07,9.20E-07,7.60E-07,5.00E-07,1.30E-06,6.70E-07,1.20E-06,4.00E-07,6.50E-07,1.30E-06,1.20E-06,1.20E-06,7.20E-07,1.20E-06,1.10E-06,3.50E-07,1.20E-06,5.60E-07,7.90E-07,5.40E-07,1.10E-06,4.90E-07,1.00E-06,8.40E-07
b0421,ispA,9.30E-07,,,4.60E-07,9.40E-07,3.90E-07,,3.40E-07,,3.90E-07,8.90E-07,,3.50E-07,,7.30E-07,3.50E-07,,,,3.20E-07,,,6.70E-07,,3.30E-07,,,,,,
b0421,ispA,9.30E-07,,,4.60E-07,9.40E-07,3.90E-07,,3.40E-07,,3.90E-07,8.90E-07,,3.50E-07,,7.30E-07,3.50E-07,,,,3.20E-07,,,6.70E-07,,3.30E-07,,,,,,
b0452,tesB,1.20E-06,8.50E-07,7.60E-07,,9.90E-07,5.00E-07,8.60E-07,5.70E-07,8.40E-07,,8.10E-07,6.30E-07,5.30E-07,9.90E-07,7.50E-07,,7.10E-07,7.10E-07,6.10E-07,,7.40E-07,8.20E-07,7.90E-07,6.40E-07,5.00E-07,1.00E-06,1.00E-06,8.50E-07,9.50E-07,8.40E-07,8.90E-07
b0452,tesB,1.20E-06,8.50E-07,7.60E-07,,9.90E-07,5.00E-07,8.60E-07,5.70E-07,8.40E-07,,8.10E-07,6.30E-07,5.30E-07,9.90E-07,7.50E-07,,7.10E-07,7.10E-07,6.10E-07,,7.40E-07,8.20E-07,7.90E-07,6.40E-07,5.00E-07,1.00E-06,1.00E-06,8.50E-07,9.50E-07,8.40E-07,8.90E-07
b0452,tesB,1.20E-06,8.50E-07,7.60E-07,,9.90E-07,5.00E-07,8.60E-07,5.70E-07,8.40E-07,,8.10E-07,6.30E-07,5.30E-07,9.90E-07,7.50E-07,,7.10E-07,7.10E-07,6.10E-07,,7.40E-07,8.20E-07,7.90E-07,6.40E-07,5.00E-07,1.00E-06,1.00E-06,8.50E-07,9.50E-07,8.40E-07,8.90E-07
b0474,adk,1.70E-05,1.20E-05,1.20E-05,2.20E-05,2.20E-05,2.10E-05,1.30E-05,2.30E-05,1.80E-05,2.30E-05,1.80E-05,1.30E-05,2.20E-05,2.10E-05,1.70E-05,2.10E-05,1.90E-05,2.30E-05,1.50E-05,2.10E-05,1.40E-05,1.50E-05,2.00E-05,1.20E-05,2.40E-05,1.70E-05,2.50E-05,1.90E-05,1.80E-05,1.50E-05,1.60E-05
b0474,adk,1.70E-05,1.20E-05,1.20E-05,2.20E-05,2.20E-05,2.10E-05,1.30E-05,2.30E-05,1.80E-05,2.30E-05,1.80E-05,1.30E-05,2.20E-05,2.10E-05,1.70E-05,2.10E-05,1.90E-05,2.30E-05,1.50E-05,2.10E-05,1.40E-05,1.50E-05,2.00E-05,1.20E-05,2.40E-05,1.70E-05,2.50E-05,1.90E-05,1.80E-05,1.50E-05,1.60E-05
b0522,purK,1.30E-06,2.50E-07,2.90E-07,2.40E-07,,,5.80E-07,,4.00E-07,2.80E-07,,3.30E-07,,8.50E-07,2.20E-06,3.30E-07,5.50E-07,8.80E-07,6.30E-07,3.90E-07,6.30E-07,9.80E-07,,5.10E-07,4.10E-07,1.00E-06,1.00E-06,8.00E-07,9.40E-07,1.10E-06,1.10E-06
b0523,purE,5.90E-06,6.20E-06,6.10E-06,3.00E-06,9.40E-06,3.10E-06,9.40E-06,3.40E-06,1.10E-05,3.40E-06,1.10E-05,6.30E-06,3.70E-06,9.30E-06,1.20E-05,3.90E-06,8.20E-06,9.50E-06,8.90E-06,4.40E-06,7.30E-06,8.60E-06,1.60E-05,7.00E-06,5.60E-06,9.90E-06,1.40E-05,1.30E-05,1.30E-05,9.60E-06,1.30E-05
b0529,folD,1.80E-06,3.70E-06,4.00E-06,1.50E-06,2.10E-06,1.60E-06,5.10E-06,1.70E-06,5.40E-06,1.70E-06,2.30E-06,4.50E-06,1.80E-06,5.50E-06,2.50E-06,1.80E-06,5.50E-06,5.40E-06,7.20E-06,1.80E-06,6.10E-06,5.00E-06,2.50E-06,5.20E-06,2.10E-06,7.40E-06,9.00E-06,6.60E-06,9.60E-06,6.00E-06,7.60E-06
b0529,folD,1.80E-06,3.70E-06,4.00E-06,1.50E-06,2.10E-06,1.60E-06,5.10E-06,1.70E-06,5.40E-06,1.70E-06,2.30E-06,4.50E-06,1.80E-06,5.50E-06,2.50E-06,1.80E-06,5.50E-06,5.40E-06,7.20E-06,1.80E-06,6.10E-06,5.00E-06,2.50E-06,5.20E-06,2.10E-06,7.40E-06,9.00E-06,6.60E-06,9.60E-06,6.00E-06,7.60E-06
b0639,nadD,,6.90E-08,6.80E-08,,,,1.40E-07,,1.10E-07,,,7.10E-08,,8.90E-08,,,1.20E-07,1.20E-07,8.80E-08,,1.00E-07,1.30E-07,,7.50E-08,,1.80E-07,1.70E-07,1.40E-07,1.90E-07,1.60E-07,1.60E-07
b0720,gltA,4.20E-05,1.30E-04,1.30E-04,1.30E-04,5.40E-05,1.40E-04,8.30E-05,1.40E-04,1.50E-04,1.20E-04,4.40E-05,1.10E-04,1.00E-04,1.50E-04,3.70E-05,9.90E-05,7.20E-05,7.60E-05,8.50E-05,9.60E-05,6.70E-05,1.10E-04,2.30E-05,1.20E-04,7.50E-05,6.00E-05,4.10E-05,3.40E-05,3.50E-05,6.80E-05,5.20E-05
b0750,nadA,9.50E-07,5.50E-07,7.40E-07,6.30E-07,1.20E-06,6.20E-07,4.40E-07,8.00E-07,9.70E-07,7.50E-07,1.10E-06,1.00E-06,6.60E-07,9.30E-07,9.70E-07,6.60E-07,7.40E-07,6.90E-07,9.00E-07,7.80E-07,8.70E-07,9.20E-07,1.10E-06,1.20E-06,7.10E-07,7.60E-07,8.30E-07,1.30E-06,1.30E-06,9.20E-07,1.90E-06
b0767,pgl,1.40E-05,1.70E-05,1.70E-05,6.00E-06,9.40E-06,5.70E-06,2.10E-05,4.90E-06,1.30E-05,4.50E-06,8.50E-06,1.30E-05,4.30E-06,7.10E-06,7.90E-06,4.00E-06,1.20E-05,9.60E-06,8.40E-06,3.80E-06,1.30E-05,1.00E-05,6.90E-06,1.20E-05,3.20E-06,1.10E-05,2.10E-05,6.40E-06,2.20E-05,8.50E-06,1.20E-05
b0774,bioA,,2.20E-07,2.40E-07,,,,4.00E-07,,5.50E-07,1.60E-07,,3.00E-07,,3.30E-07,,2.00E-07,3.50E-07,4.10E-07,4.20E-07,1.90E-07,3.50E-07,3.50E-07,,4.20E-07,2.50E-07,5.20E-07,1.10E-06,4.90E-07,4.80E-07,3.40E-07,6.00E-07
b0775,bioB,,1.70E-07,2.40E-07,,,2.20E-07,4.90E-07,,4.10E-07,3.20E-07,,2.60E-07,2.90E-07,2.90E-07,,3.90E-07,7.00E-07,8.70E-07,5.40E-07,4.60E-07,7.10E-07,4.80E-07,,5.60E-07,5.70E-07,7.10E-07,2.90E-07,1.30E-06,1.60E-07,8.20E-07,6.40E-07
b0776,bioF,,1.90E-07,2.20E-07,,,,3.00E-07,,4.30E-07,,,2.40E-07,,5.40E-07,,,3.10E-07,2.90E-07,3.10E-07,,3.20E-07,3.40E-07,,2.70E-07,,4.70E-07,4.50E-07,2.60E-07,2.60E-07,3.80E-07,7.70E-07
b0778,bioD1,4.00E-07,6.30E-07,8.20E-07,5.70E-07,,6.60E-07,7.70E-07,5.20E-07,1.40E-06,5.80E-07,5.60E-07,9.60E-07,7.70E-07,8.40E-07,4.90E-07,6.20E-07,1.00E-06,6.40E-07,8.20E-07,6.10E-07,7.70E-07,6.10E-07,6.30E-07,1.10E-06,6.90E-07,1.00E-06,2.20E-06,1.60E-06,1.50E-06,7.20E-07,2.00E-06
b0826,moeB,,1.70E-07,,,,,1.40E-07,,2.80E-07,,,2.70E-07,,1.70E-07,,,9.50E-08,2.10E-07,2.20E-07,,1.30E-07,,,1.90E-07,,,,3.30E-07,5.20E-08,,1.20E-07
b0827,moeA,1.30E-06,1.10E-06,1.30E-06,1.00E-06,1.20E-06,1.10E-06,1.90E-06,1.10E-06,1.90E-06,1.00E-06,1.30E-06,1.20E-06,1.00E-06,1.80E-06,1.20E-06,9.80E-07,1.70E-06,1.30E-06,1.70E-06,9.80E-07,1.60E-06,1.60E-06,1.10E-06,1.20E-06,9.50E-07,1.90E-06,1.90E-06,1.90E-06,3.20E-06,1.40E-06,2.20E-06
b0827,moeA,1.30E-06,1.10E-06,1.30E-06,1.00E-06,1.20E-06,1.10E-06,1.90E-06,1.10E-06,1.90E-06,1.00E-06,1.30E-06,1.20E-06,1.00E-06,1.80E-06,1.20E-06,9.80E-07,1.70E-06,1.30E-06,1.70E-06,9.80E-07,1.60E-06,1.60E-06,1.10E-06,1.20E-06,9.50E-07,1.90E-06,1.90E-06,1.90E-06,3.20E-06,1.40E-06,2.20E-06
b0907,serC,2.10E-05,1.70E-05,2.30E-05,3.20E-05,2.80E-05,3.20E-05,3.60E-05,3.40E-05,3.50E-05,3.50E-05,3.00E-05,2.50E-05,3.60E-05,3.50E-05,3.00E-05,3.70E-05,3.00E-05,3.90E-05,4.10E-05,3.90E-05,3.70E-05,3.80E-05,4.00E-05,2.90E-05,4.30E-05,5.70E-05,6.20E-05,6.40E-05,7.30E-05,5.30E-05,6.30E-05
b0907,serC,2.10E-05,1.70E-05,2.30E-05,3.20E-05,2.80E-05,3.20E-05,3.60E-05,3.40E-05,3.50E-05,3.50E-05,3.00E-05,2.50E-05,3.60E-05,3.50E-05,3.00E-05,3.70E-05,3.00E-05,3.90E-05,4.10E-05,3.90E-05,3.70E-05,3.80E-05,4.00E-05,2.90E-05,4.30E-05,5.70E-05,6.20E-05,6.40E-05,7.30E-05,5.30E-05,6.30E-05
b0908,aroA,2.00E-06,2.00E-06,2.20E-06,1.70E-06,2.00E-06,1.80E-06,3.90E-06,1.70E-06,2.80E-06,1.90E-06,2.20E-06,2.30E-06,1.90E-06,4.10E-06,2.70E-06,2.10E-06,3.10E-06,3.60E-06,4.90E-06,2.40E-06,4.40E-06,3.20E-06,3.50E-06,3.00E-06,2.70E-06,5.90E-06,7.40E-06,7.30E-06,8.80E-06,5.60E-06,7.10E-06
b0910,cmk,2.00E-06,2.50E-06,2.20E-06,1.00E-06,1.90E-06,1.10E-06,3.00E-06,1.00E-06,2.30E-06,1.00E-06,1.50E-06,1.90E-06,9.00E-07,2.70E-06,1.50E-06,1.00E-06,2.40E-06,2.60E-06,2.50E-06,9.70E-07,2.80E-06,2.50E-06,1.70E-06,2.10E-06,1.10E-06,2.80E-06,4.20E-06,3.40E-06,3.10E-06,2.50E-06,3.40E-06
b0914,msbA,3.50E-07,6.70E-07,6.60E-07,2.80E-07,3.50E-07,2.90E-07,3.10E-07,2.80E-07,3.60E-07,3.10E-07,3.10E-07,6.40E-07,2.90E-07,4.70E-07,3.10E-07,2.80E-07,3.60E-07,3.90E-07,6.10E-07,3.40E-07,4.50E-07,4.90E-07,2.50E-07,5.70E-07,3.20E-07,5.00E-07,3.20E-07,5.40E-07,2.80E-07,5.80E-07,2.30E-07
b0914,msbA,3.50E-07,6.70E-07,6.60E-07,2.80E-07,3.50E-07,2.90E-07,3.10E-07,2.80E-07,3.60E-07,3.10E-07,3.10E-07,6.40E-07,2.90E-07,4.70E-07,3.10E-07,2.80E-07,3.60E-07,3.90E-07,6.10E-07,3.40E-07,4.50E-07,4.90E-07,2.50E-07,5.70E-07,3.20E-07,5.00E-07,3.20E-07,5.40E-07,2.80E-07,5.80E-07,2.30E-07
b0914,msbA,3.50E-07,6.70E-07,6.60E-07,2.80E-07,3.50E-07,2.90E-07,3.10E-07,2.80E-07,3.60E-07,3.10E-07,3.10E-07,6.40E-07,2.90E-07,4.70E-07,3.10E-07,2.80E-07,3.60E-07,3.90E-07,6.10E-07,3.40E-07,4.50E-07,4.90E-07,2.50E-07,5.70E-07,3.20E-07,5.00E-07,3.20E-07,5.40E-07,2.80E-07,5.80E-07,2.30E-07
b0918,kdsB,1.80E-06,1.00E-06,9.50E-07,1.30E-06,2.00E-06,1.40E-06,1.40E-06,1.30E-06,1.30E-06,1.60E-06,2.10E-06,1.00E-06,1.40E-06,1.80E-06,2.00E-06,1.30E-06,1.40E-06,1.80E-06,1.60E-06,1.60E-06,1.60E-06,1.30E-06,2.30E-06,1.30E-06,1.80E-06,1.60E-06,2.10E-06,1.90E-06,2.30E-06,1.90E-06,1.90E-06
b0928,aspC,2.40E-05,1.60E-05,2.10E-05,5.90E-05,3.60E-05,6.10E-05,3.10E-05,6.30E-05,3.40E-05,6.20E-05,3.90E-05,2.80E-05,5.80E-05,3.30E-05,3.10E-05,5.20E-05,3.40E-05,3.90E-05,3.50E-05,4.90E-05,3.30E-05,3.30E-05,2.80E-05,3.00E-05,4.70E-05,3.60E-05,2.80E-05,2.50E-05,3.40E-05,3.10E-05,2.50E-05
b0945,pyrD,5.90E-07,1.30E-06,1.50E-06,1.20E-06,1.00E-06,1.20E-06,2.70E-06,1.50E-06,2.70E-06,1.90E-06,1.60E-06,2.10E-06,2.20E-06,2.80E-06,1.80E-06,2.80E-06,3.80E-06,4.10E-06,3.40E-06,3.40E-06,3.90E-06,2.60E-06,2.70E-06,3.60E-06,4.00E-06,3.40E-06,3.80E-06,5.50E-06,4.10E-06,4.10E-06,3.70E-06
b1062,pyrC,5.70E-06,6.10E-06,7.00E-06,1.00E-05,6.40E-06,1.00E-05,1.40E-05,1.20E-05,1.10E-05,1.20E-05,6.30E-06,9.60E-06,1.10E-05,1.50E-05,7.30E-06,1.20E-05,1.60E-05,1.70E-05,1.30E-05,1.20E-05,1.30E-05,1.30E-05,6.70E-06,1.30E-05,1.30E-05,1.40E-05,2.00E-05,1.60E-05,1.80E-05,1.50E-05,1.50E-05
b1091,fabH,8.80E-06,5.80E-06,6.00E-06,4.80E-06,8.50E-06,4.50E-06,5.30E-06,4.60E-06,6.50E-06,4.40E-06,7.90E-06,5.80E-06,4.20E-06,7.90E-06,7.10E-06,4.10E-06,6.60E-06,4.80E-06,6.80E-06,4.20E-06,7.20E-06,5.20E-06,7.80E-06,5.40E-06,4.20E-06,5.90E-06,5.40E-06,7.50E-06,7.20E-06,5.40E-06,5.50E-06
b1093,fabG,1.80E-05,9.30E-06,9.30E-06,2.10E-05,1.70E-05,2.10E-05,1.20E-05,2.20E-05,1.10E-05,2.10E-05,1.80E-05,1.00E-05,2.20E-05,1.30E-05,1.80E-05,2.20E-05,1.30E-05,1.60E-05,1.40E-05,2.20E-05,1.30E-05,1.30E-05,1.90E-05,1.10E-05,2.10E-05,1.40E-05,1.30E-05,1.70E-05,1.30E-05,1.30E-05,1.10E-05
b1093,fabG,1.80E-05,9.30E-06,9.30E-06,2.10E-05,1.70E-05,2.10E-05,1.20E-05,2.20E-05,1.10E-05,2.10E-05,1.80E-05,1.00E-05,2.20E-05,1.30E-05,1.80E-05,2.20E-05,1.30E-05,1.60E-05,1.40E-05,2.20E-05,1.30E-05,1.30E-05,1.90E-05,1.10E-05,2.10E-05,1.40E-05,1.30E-05,1.70E-05,1.30E-05,1.30E-05,1.10E-05
b1093,fabG,1.80E-05,9.30E-06,9.30E-06,2.10E-05,1.70E-05,2.10E-05,1.20E-05,2.20E-05,1.10E-05,2.10E-05,1.80E-05,1.00E-05,2.20E-05,1.30E-05,1.80E-05,2.20E-05,1.30E-05,1.60E-05,1.40E-05,2.20E-05,1.30E-05,1.30E-05,1.90E-05,1.10E-05,2.10E-05,1.40E-05,1.30E-05,1.70E-05,1.30E-05,1.30E-05,1.10E-05
b1096,pabC,,2.10E-07,2.50E-07,,,,8.20E-08,,1.10E-07,,,2.00E-07,,1.30E-07,,,5.50E-08,7.00E-08,1.40E-07,,,,,1.40E-07,,,1.00E-07,9.90E-08,1.00E-07,,8.80E-08
b1098,tmk,2.70E-07,3.30E-07,3.50E-07,,2.70E-07,,2.20E-07,,4.00E-07,,2.70E-07,2.90E-07,,5.00E-07,2.70E-07,,4.10E-07,2.70E-07,5.40E-07,,4.20E-07,3.40E-07,3.10E-07,4.40E-07,,4.50E-07,3.80E-07,7.20E-07,3.10E-07,2.60E-07,3.90E-07
b1131,purB,6.90E-06,3.50E-06,4.00E-06,8.40E-06,7.00E-06,8.40E-06,4.20E-06,9.20E-06,3.10E-06,9.60E-06,8.30E-06,4.60E-06,1.00E-05,6.10E-06,9.10E-06,1.10E-05,5.60E-06,7.60E-06,5.90E-06,1.20E-05,5.70E-06,5.80E-06,1.10E-05,6.80E-06,1.30E-05,7.60E-06,5.00E-06,6.80E-06,5.20E-06,8.40E-06,7.60E-06
b1131,purB,6.90E-06,3.50E-06,4.00E-06,8.40E-06,7.00E-06,8.40E-06,4.20E-06,9.20E-06,3.10E-06,9.60E-06,8.30E-06,4.60E-06,1.00E-05,6.10E-06,9.10E-06,1.10E-05,5.60E-06,7.60E-06,5.90E-06,1.20E-05,5.70E-06,5.80E-06,1.10E-05,6.80E-06,1.30E-05,7.60E-06,5.00E-06,6.80E-06,5.20E-06,8.40E-06,7.60E-06
b1136,icd,6.00E-05,8.10E-05,1.10E-04,1.60E-04,8.70E-05,1.60E-04,9.90E-05,1.70E-04,1.30E-04,1.70E-04,9.10E-05,1.20E-04,1.50E-04,1.40E-04,7.40E-05,1.40E-04,1.20E-04,1.10E-04,1.20E-04,1.20E-04,9.40E-05,1.30E-04,6.90E-05,1.10E-04,1.10E-04,1.20E-04,1.40E-04,1.20E-04,9.70E-05,8.10E-05,1.00E-04
b1207,prs,1.40E-05,1.70E-05,1.70E-05,1.50E-05,1.60E-05,1.50E-05,2.30E-05,1.60E-05,2.40E-05,1.70E-05,1.70E-05,2.00E-05,1.70E-05,3.10E-05,1.50E-05,1.60E-05,3.30E-05,3.80E-05,3.00E-05,1.60E-05,3.00E-05,2.50E-05,1.60E-05,2.60E-05,1.60E-05,2.70E-05,2.50E-05,2.60E-05,3.00E-05,3.00E-05,2.50E-05
b1208,ispE,,4.90E-07,5.50E-07,4.00E-07,,,5.50E-07,,6.90E-07,,,5.40E-07,,7.60E-07,,,7.50E-07,6.60E-07,6.70E-07,,8.40E-07,5.90E-07,,5.60E-07,,2.90E-07,5.40E-07,6.60E-07,7.40E-07,5.40E-07,7.50E-07
b1215,kdsA,1.20E-05,8.80E-06,9.90E-06,1.70E-05,1.20E-05,1.70E-05,1.10E-05,1.70E-05,1.20E-05,1.70E-05,1.20E-05,1.10E-05,1.70E-05,1.00E-05,1.20E-05,1.60E-05,1.20E-05,9.30E-06,1.10E-05,1.60E-05,1.20E-05,7.80E-06,1.20E-05,1.20E-05,1.50E-05,1.10E-05,1.30E-05,9.40E-06,9.90E-06,9.80E-06,1.40E-05
b1262,trpC,2.40E-06,1.70E-06,1.70E-06,2.90E-06,2.50E-06,2.60E-06,2.20E-06,2.70E-06,1.50E-06,2.80E-06,2.50E-06,1.90E-06,2.80E-06,2.60E-06,3.00E-06,3.10E-06,1.80E-06,1.80E-06,2.30E-06,3.30E-06,2.30E-06,1.90E-06,3.80E-06,2.10E-06,3.70E-06,1.80E-06,1.90E-06,2.80E-06,2.00E-06,2.80E-06,2.90E-06
b1262,trpC,2.40E-06,1.70E-06,1.70E-06,2.90E-06,2.50E-06,2.60E-06,2.20E-06,2.70E-06,1.50E-06,2.80E-06,2.50E-06,1.90E-06,2.80E-06,2.60E-06,3.00E-06,3.10E-06,1.80E-06,1.80E-06,2.30E-06,3.30E-06,2.30E-06,1.90E-06,3.80E-06,2.10E-06,3.70E-06,1.80E-06,1.90E-06,2.80E-06,2.00E-06,2.80E-06,2.90E-06
b1263,trpGD,1.10E-06,3.40E-06,3.70E-06,1.40E-06,9.50E-07,1.40E-06,2.90E-06,1.40E-06,2.30E-06,1.50E-06,9.80E-07,3.60E-06,1.60E-06,4.00E-06,1.60E-06,1.80E-06,2.60E-06,2.40E-06,3.80E-06,1.90E-06,4.20E-06,3.10E-06,1.60E-06,5.10E-06,2.10E-06,2.40E-06,2.20E-06,3.60E-06,2.30E-06,4.50E-06,4.80E-06
b1277,ribA,,4.80E-07,5.70E-07,,,5.00E-07,6.10E-07,5.70E-07,8.40E-07,5.10E-07,,6.30E-07,5.40E-07,1.10E-06,,5.90E-07,1.00E-06,7.20E-07,1.30E-06,4.70E-07,9.80E-07,7.20E-07,,7.90E-07,5.40E-07,9.10E-07,1.20E-06,1.10E-06,1.50E-06,8.60E-07,9.40E-07
b1281,pyrF,8.60E-07,1.50E-06,1.50E-06,1.20E-06,1.10E-06,1.20E-06,3.60E-06,1.40E-06,2.60E-06,1.40E-06,1.50E-06,2.00E-06,1.50E-06,3.80E-06,1.60E-06,1.50E-06,4.10E-06,4.90E-06,4.50E-06,1.80E-06,4.70E-06,3.70E-06,2.10E-06,3.10E-06,2.10E-06,4.80E-06,6.70E-06,5.30E-06,5.50E-06,5.20E-06,5.60E-06
b1288,fabI,3.60E-05,1.30E-05,1.20E-05,3.40E-05,3.40E-05,3.60E-05,1.10E-05,3.50E-05,1.30E-05,3.60E-05,3.30E-05,1.30E-05,3.60E-05,1.60E-05,3.50E-05,3.60E-05,1.60E-05,1.30E-05,1.50E-05,3.80E-05,1.50E-05,9.90E-06,4.50E-05,1.40E-05,4.00E-05,1.10E-05,1.20E-05,1.80E-05,1.30E-05,1.20E-05,1.40E-05
b1288,fabI,3.60E-05,1.30E-05,1.20E-05,3.40E-05,3.40E-05,3.60E-05,1.10E-05,3.50E-05,1.30E-05,3.60E-05,3.30E-05,1.30E-05,3.60E-05,1.60E-05,3.50E-05,3.60E-05,1.60E-05,1.30E-05,1.50E-05,3.80E-05,1.50E-05,9.90E-06,4.50E-05,1.40E-05,4.00E-05,1.10E-05,1.20E-05,1.80E-05,1.30E-05,1.20E-05,1.40E-05
b1415,aldA,1.20E-04,1.90E-04,1.70E-04,1.70E-04,,1.40E-04,1.30E-04,1.20E-04,7.50E-05,1.20E-04,,1.30E-04,7.90E-05,1.10E-04,,6.00E-05,1.10E-04,1.10E-04,6.60E-05,4.20E-05,6.30E-05,1.20E-04,,7.10E-05,2.40E-05,2.20E-05,6.50E-06,1.20E-05,6.40E-06,3.20E-05,5.70E-06
b1638,pdxH,2.90E-06,8.70E-07,9.50E-07,2.40E-06,3.10E-06,2.30E-06,1.00E-06,2.30E-06,1.00E-06,2.10E-06,2.70E-06,1.00E-06,2.10E-06,1.20E-06,2.70E-06,2.00E-06,1.20E-06,1.30E-06,1.00E-06,2.00E-06,1.10E-06,1.10E-06,2.70E-06,1.10E-06,2.00E-06,1.70E-06,1.50E-06,1.10E-06,1.50E-06,1.20E-06,1.50E-06
b1662,ribC,1.70E-06,1.50E-06,2.10E-06,2.30E-06,2.00E-06,2.30E-06,2.20E-06,2.30E-06,2.70E-06,2.50E-06,2.40E-06,1.90E-06,2.70E-06,1.90E-06,2.40E-06,3.00E-06,1.90E-06,2.10E-06,2.70E-06,3.10E-06,2.30E-06,1.90E-06,2.50E-06,2.30E-06,2.90E-06,3.10E-06,3.70E-06,2.60E-06,2.90E-06,2.50E-06,3.50E-06
b1693,aroD,1.00E-06,1.40E-06,1.50E-06,1.60E-06,1.20E-06,1.70E-06,2.20E-06,1.70E-06,1.90E-06,1.60E-06,1.00E-06,1.60E-06,1.50E-06,2.40E-06,8.10E-07,1.30E-06,1.90E-06,2.00E-06,2.70E-06,1.10E-06,2.30E-06,2.20E-06,8.80E-07,1.70E-06,1.10E-06,2.90E-06,3.30E-06,3.10E-06,4.20E-06,2.70E-06,3.40E-06
b1740,nadE,7.30E-06,9.30E-06,9.70E-06,6.60E-06,7.10E-06,6.70E-06,1.20E-05,6.70E-06,1.00E-05,6.50E-06,7.80E-06,8.50E-06,6.10E-06,8.80E-06,6.50E-06,6.60E-06,9.30E-06,8.40E-06,9.80E-06,6.40E-06,1.20E-05,1.00E-05,7.60E-06,9.80E-06,6.60E-06,1.30E-05,1.60E-05,1.40E-05,1.40E-05,1.10E-05,1.20E-05
b1761,gdhA,9.90E-06,1.40E-05,2.00E-05,2.00E-05,2.30E-05,2.00E-05,1.10E-05,2.40E-05,1.60E-05,2.40E-05,2.30E-05,2.50E-05,2.50E-05,1.50E-05,2.80E-05,2.60E-05,1.20E-05,1.40E-05,1.90E-05,2.70E-05,1.60E-05,1.60E-05,2.20E-05,3.00E-05,2.60E-05,2.00E-05,1.80E-05,2.20E-05,2.00E-05,2.10E-05,8.50E-06
b1779,gapA,8.10E-05,7.00E-05,7.40E-05,1.60E-04,1.10E-04,1.50E-04,7.60E-05,1.50E-04,8.90E-05,1.60E-04,1.20E-04,9.00E-05,1.70E-04,8.50E-05,1.40E-04,1.80E-04,9.00E-05,9.50E-05,1.20E-04,2.00E-04,1.20E-04,1.00E-04,9.30E-05,1.30E-04,2.00E-04,1.40E-04,9.10E-05,1.70E-04,1.30E-04,2.10E-04,1.70E-04
b1849,purT,1.70E-06,2.80E-06,3.60E-06,2.00E-06,1.60E-06,1.90E-06,5.70E-06,2.20E-06,3.20E-06,2.20E-06,1.70E-06,3.90E-06,2.30E-06,9.50E-06,2.80E-06,2.60E-06,5.00E-06,4.80E-06,6.50E-06,3.00E-06,5.40E-06,5.40E-06,2.90E-06,5.30E-06,3.40E-06,5.40E-06,6.00E-06,8.40E-06,5.70E-06,4.70E-06,7.50E-06
b1852,zwf,6.80E-06,4.90E-06,4.20E-06,6.20E-06,6.70E-06,6.50E-06,5.50E-06,6.20E-06,2.70E-06,5.90E-06,6.00E-06,3.40E-06,6.00E-06,4.00E-06,5.50E-06,5.70E-06,3.30E-06,3.40E-06,4.30E-06,5.70E-06,4.50E-06,3.80E-06,5.40E-06,3.70E-06,5.50E-06,6.40E-06,4.70E-06,4.40E-06,5.40E-06,5.20E-06,6.20E-06
b2019,hisG,4.80E-06,5.80E-06,7.30E-06,7.10E-06,7.30E-06,7.60E-06,7.70E-06,7.20E-06,4.40E-06,7.60E-06,8.90E-06,6.90E-06,8.40E-06,6.80E-06,8.90E-06,9.20E-06,6.50E-06,7.80E-06,6.40E-06,9.20E-06,1.10E-05,9.50E-06,1.20E-05,7.40E-06,9.70E-06,1.00E-05,6.70E-06,1.40E-05,7.60E-06,1.00E-05,1.10E-05
b2020,hisD,2.70E-06,5.80E-06,7.20E-06,3.60E-06,3.00E-06,3.70E-06,6.30E-06,3.70E-06,4.70E-06,3.70E-06,3.50E-06,6.00E-06,4.10E-06,7.00E-06,4.00E-06,4.20E-06,5.80E-06,5.40E-06,6.60E-06,4.40E-06,9.40E-06,7.10E-06,4.10E-06,6.40E-06,4.40E-06,7.60E-06,8.50E-06,1.20E-05,8.20E-06,6.70E-06,1.40E-05
b2021,hisC,3.40E-06,4.10E-06,5.50E-06,6.00E-06,3.90E-06,5.80E-06,6.60E-06,5.90E-06,2.90E-06,6.00E-06,4.90E-06,4.60E-06,6.30E-06,4.10E-06,5.20E-06,6.70E-06,3.60E-06,4.30E-06,4.80E-06,6.90E-06,6.20E-06,5.10E-06,6.40E-06,5.40E-06,6.70E-06,5.30E-06,5.10E-06,7.80E-06,6.00E-06,5.20E-06,8.10E-06
b2022,hisB,3.80E-06,5.10E-06,6.40E-06,4.10E-06,4.30E-06,3.90E-06,6.30E-06,4.10E-06,3.80E-06,4.40E-06,5.10E-06,5.60E-06,4.80E-06,5.90E-06,6.50E-06,4.90E-06,5.50E-06,5.70E-06,5.00E-06,4.80E-06,8.70E-06,7.20E-06,6.60E-06,6.00E-06,5.30E-06,5.80E-06,4.40E-06,9.90E-06,4.40E-06,6.50E-06,8.00E-06
b2022,hisB,3.80E-06,5.10E-06,6.40E-06,4.10E-06,4.30E-06,3.90E-06,6.30E-06,4.10E-06,3.80E-06,4.40E-06,5.10E-06,5.60E-06,4.80E-06,5.90E-06,6.50E-06,4.90E-06,5.50E-06,5.70E-06,5.00E-06,4.80E-06,8.70E-06,7.20E-06,6.60E-06,6.00E-06,5.30E-06,5.80E-06,4.40E-06,9.90E-06,4.40E-06,6.50E-06,8.00E-06
b2024,hisA,,3.00E-06,4.00E-06,9.40E-07,,1.00E-06,3.50E-06,1.20E-06,3.00E-06,1.10E-06,,3.70E-06,1.20E-06,5.30E-06,,1.30E-06,4.00E-06,3.80E-06,4.60E-06,1.20E-06,6.20E-06,3.60E-06,,3.70E-06,1.40E-06,2.70E-06,4.50E-06,7.50E-06,3.60E-06,3.70E-06,5.00E-06
b2026,hisI,7.40E-07,2.10E-06,2.70E-06,4.20E-07,1.10E-06,3.80E-07,3.30E-06,3.90E-07,1.90E-06,4.70E-07,1.20E-06,2.40E-06,5.10E-07,3.60E-06,1.70E-06,5.50E-07,2.80E-06,3.90E-06,3.90E-06,5.60E-07,5.00E-06,4.10E-06,1.90E-06,2.70E-06,6.50E-07,5.10E-06,4.90E-06,6.70E-06,5.30E-06,5.20E-06,7.00E-06
b2026,hisI,7.40E-07,2.10E-06,2.70E-06,4.20E-07,1.10E-06,3.80E-07,3.30E-06,3.90E-07,1.90E-06,4.70E-07,1.20E-06,2.40E-06,5.10E-07,3.60E-06,1.70E-06,5.50E-07,2.80E-06,3.90E-06,3.90E-06,5.60E-07,5.00E-06,4.10E-06,1.90E-06,2.70E-06,6.50E-07,5.10E-06,4.90E-06,6.70E-06,5.30E-06,5.20E-06,7.00E-06
b2029,gnd,2.30E-05,1.60E-05,1.90E-05,3.60E-05,2.80E-05,3.50E-05,2.20E-05,3.70E-05,2.40E-05,4.10E-05,3.50E-05,2.20E-05,4.50E-05,2.80E-05,3.90E-05,4.90E-05,2.70E-05,3.10E-05,3.20E-05,5.50E-05,3.20E-05,2.80E-05,5.20E-05,3.10E-05,6.10E-05,4.50E-05,3.70E-05,5.00E-05,5.00E-05,3.50E-05,5.50E-05
b2103,thiD,7.70E-06,,,3.10E-06,7.20E-06,2.90E-06,,2.70E-06,,2.60E-06,5.90E-06,5.00E-08,2.30E-06,1.00E-07,5.60E-06,2.20E-06,7.90E-08,8.20E-08,5.80E-08,2.10E-06,2.10E-07,,5.30E-06,,2.10E-06,,7.60E-08,9.90E-08,,,8.10E-08
b2153,folE,7.30E-06,6.90E-06,1.00E-05,1.10E-05,8.80E-06,1.10E-05,1.60E-05,1.20E-05,1.30E-05,1.20E-05,9.40E-06,1.30E-05,1.20E-05,2.10E-05,9.60E-06,1.30E-05,1.90E-05,2.00E-05,2.20E-05,1.30E-05,2.60E-05,1.60E-05,1.10E-05,2.20E-05,1.40E-05,3.60E-05,3.70E-05,5.00E-05,3.40E-05,3.00E-05,2.30E-05
b2312,purF,8.90E-07,9.00E-07,1.00E-06,1.10E-06,6.80E-07,1.20E-06,1.10E-06,1.30E-06,1.20E-06,1.50E-06,9.80E-07,1.30E-06,1.50E-06,2.00E-06,1.60E-06,1.90E-06,1.30E-06,1.60E-06,1.70E-06,2.30E-06,1.50E-06,1.70E-06,1.60E-06,1.70E-06,2.30E-06,1.40E-06,1.40E-06,2.70E-06,1.30E-06,2.10E-06,2.60E-06
b2315,folC,,6.00E-07,7.20E-07,3.30E-07,,3.60E-07,6.30E-07,3.60E-07,7.60E-07,4.20E-07,,7.50E-07,4.40E-07,9.50E-07,,3.70E-07,9.80E-07,9.40E-07,1.10E-06,4.20E-07,1.10E-06,8.10E-07,,8.80E-07,4.20E-07,7.60E-07,9.50E-07,1.30E-06,1.10E-06,9.00E-07,1.00E-06
b2320,pdxB,3.70E-06,1.90E-06,1.90E-06,2.30E-06,3.40E-06,2.30E-06,2.60E-06,2.10E-06,1.70E-06,2.30E-06,3.50E-06,2.00E-06,2.20E-06,2.50E-06,3.10E-06,2.20E-06,2.10E-06,2.60E-06,2.50E-06,2.20E-06,2.50E-06,2.20E-06,2.90E-06,2.20E-06,2.10E-06,2.70E-06,2.60E-06,2.60E-06,3.30E-06,2.90E-06,2.80E-06
b2323,fabB,2.70E-05,5.00E-05,4.90E-05,6.40E-05,2.20E-05,6.40E-05,5.50E-05,6.60E-05,4.80E-05,6.30E-05,1.50E-05,4.80E-05,5.40E-05,5.70E-05,1.30E-05,5.10E-05,5.10E-05,5.50E-05,5.20E-05,4.80E-05,5.30E-05,4.80E-05,1.10E-05,4.80E-05,4.50E-05,4.40E-05,4.70E-05,4.80E-05,5.30E-05,4.20E-05,5.20E-05
b2329,aroC,2.10E-06,2.20E-06,2.40E-06,1.30E-06,2.10E-06,1.40E-06,2.80E-06,1.20E-06,2.30E-06,1.30E-06,2.40E-06,2.60E-06,1.40E-06,2.60E-06,1.40E-06,1.30E-06,2.60E-06,2.60E-06,2.40E-06,1.30E-06,2.60E-06,2.30E-06,2.10E-06,2.70E-06,1.30E-06,3.00E-06,3.20E-06,2.80E-06,2.40E-06,2.60E-06,2.60E-06
b2400,gltX,8.00E-06,4.30E-06,4.90E-06,7.00E-06,8.60E-06,7.00E-06,5.20E-06,7.60E-06,6.40E-06,7.80E-06,9.40E-06,5.30E-06,7.70E-06,6.70E-06,9.50E-06,8.00E-06,7.00E-06,6.60E-06,7.00E-06,8.60E-06,7.30E-06,6.10E-06,1.10E-05,6.00E-06,8.90E-06,7.80E-06,8.50E-06,9.10E-06,8.30E-06,7.40E-06,7.80E-06
b2436,hemF,,8.50E-08,7.70E-08,,,,9.60E-08,,1.50E-07,,,2.10E-07,,1.80E-07,,,2.10E-07,1.10E-07,1.90E-07,,1.30E-07,,,1.60E-07,,,2.60E-07,4.10E-07,3.50E-07,,4.70E-07
b2472,dapE,3.40E-07,2.10E-07,2.50E-07,,3.80E-07,2.00E-07,1.80E-07,,2.20E-07,1.80E-07,3.20E-07,2.90E-07,1.50E-07,2.20E-07,3.40E-07,1.60E-07,1.90E-07,2.70E-07,2.30E-07,1.80E-07,2.30E-07,1.70E-07,3.70E-07,3.00E-07,1.90E-07,3.10E-07,3.40E-07,2.60E-07,4.50E-07,3.20E-07,1.60E-07
b2476,purC,1.50E-05,1.50E-05,1.70E-05,3.60E-05,1.70E-05,3.70E-05,2.10E-05,3.70E-05,2.20E-05,3.60E-05,1.50E-05,2.00E-05,3.60E-05,3.50E-05,1.60E-05,3.60E-05,2.70E-05,2.50E-05,2.80E-05,3.60E-05,2.70E-05,2.40E-05,1.70E-05,2.60E-05,3.80E-05,3.30E-05,4.00E-05,2.90E-05,4.50E-05,2.50E-05,3.00E-05
b2478,dapA,4.20E-06,6.40E-06,9.40E-06,5.60E-06,5.30E-06,5.60E-06,1.10E-05,6.10E-06,1.00E-05,5.90E-06,6.20E-06,9.60E-06,6.80E-06,1.30E-05,6.20E-06,6.40E-06,1.20E-05,1.60E-05,1.30E-05,6.40E-06,1.50E-05,1.40E-05,4.80E-06,1.10E-05,6.30E-06,1.80E-05,1.80E-05,1.30E-05,1.70E-05,1.70E-05,1.40E-05
b2499,purM,3.40E-06,3.80E-06,4.80E-06,4.70E-06,4.30E-06,4.30E-06,8.00E-06,4.70E-06,5.20E-06,5.10E-06,5.00E-06,5.10E-06,5.40E-06,1.10E-05,5.70E-06,6.40E-06,8.10E-06,7.10E-06,8.60E-06,6.90E-06,8.70E-06,6.50E-06,7.50E-06,7.80E-06,7.90E-06,7.70E-06,9.60E-06,9.00E-06,9.10E-06,8.10E-06,9.20E-06
b2500,purN,6.70E-07,7.20E-07,7.60E-07,,6.70E-07,,1.10E-06,4.80E-07,1.00E-06,5.30E-07,8.40E-07,8.50E-07,4.00E-07,1.40E-06,7.20E-07,4.60E-07,1.10E-06,1.10E-06,1.50E-06,5.60E-07,1.10E-06,1.00E-06,9.70E-07,8.60E-07,6.30E-07,1.30E-06,2.00E-06,1.60E-06,1.60E-06,1.30E-06,1.40E-06
b2507,guaA,7.10E-06,4.30E-06,5.40E-06,6.20E-06,8.60E-06,6.40E-06,5.90E-06,7.80E-06,6.10E-06,8.40E-06,1.10E-05,6.20E-06,9.10E-06,6.60E-06,1.20E-05,1.00E-05,8.30E-06,9.60E-06,9.70E-06,1.10E-05,8.80E-06,6.40E-06,1.60E-05,8.90E-06,1.30E-05,9.60E-06,1.10E-05,1.40E-05,1.10E-05,1.00E-05,1.10E-05
b2508,guaB,1.40E-05,1.30E-05,1.40E-05,1.00E-05,1.70E-05,1.00E-05,1.50E-05,1.30E-05,1.80E-05,1.40E-05,1.90E-05,1.70E-05,1.60E-05,1.80E-05,2.30E-05,1.60E-05,2.40E-05,2.60E-05,2.30E-05,1.80E-05,2.10E-05,1.80E-05,2.80E-05,2.60E-05,2.00E-05,3.20E-05,4.70E-05,4.00E-05,3.90E-05,2.60E-05,2.70E-05
b2529,nifU,1.60E-05,1.70E-05,2.30E-05,3.40E-05,2.10E-05,3.50E-05,3.50E-05,3.10E-05,3.00E-05,3.30E-05,2.30E-05,2.90E-05,3.10E-05,2.80E-05,1.90E-05,3.10E-05,2.60E-05,2.50E-05,2.40E-05,2.80E-05,3.40E-05,3.60E-05,1.90E-05,3.80E-05,2.60E-05,4.60E-05,5.00E-05,3.30E-05,2.50E-05,4.20E-05,4.00E-05
b2530,iscS,2.10E-05,2.30E-05,3.20E-05,3.30E-05,2.40E-05,3.40E-05,4.10E-05,3.30E-05,4.10E-05,3.40E-05,2.40E-05,3.50E-05,3.00E-05,4.00E-05,2.10E-05,3.00E-05,3.60E-05,3.40E-05,3.80E-05,2.80E-05,4.70E-05,4.70E-05,2.00E-05,4.70E-05,2.60E-05,5.60E-05,4.20E-05,4.80E-05,3.60E-05,4.90E-05,5.40E-05
b2551,glyA,3.00E-05,2.70E-05,3.30E-05,4.30E-05,3.70E-05,4.30E-05,5.70E-05,4.50E-05,4.00E-05,4.60E-05,3.60E-05,3.90E-05,4.60E-05,6.20E-05,4.60E-05,4.60E-05,5.50E-05,6.50E-05,6.40E-05,4.90E-05,5.40E-05,6.10E-05,4.70E-05,5.00E-05,5.30E-05,7.90E-05,9.00E-05,8.70E-05,8.30E-05,7.10E-05,6.70E-05
b2557,purL,5.20E-06,6.50E-06,7.10E-06,3.50E-06,6.20E-06,3.40E-06,7.10E-06,3.70E-06,6.30E-06,3.70E-06,7.00E-06,7.30E-06,3.70E-06,1.10E-05,7.70E-06,3.90E-06,8.20E-06,7.50E-06,7.50E-06,4.40E-06,7.90E-06,6.70E-06,9.70E-06,8.50E-06,4.60E-06,6.20E-06,4.80E-06,8.70E-06,5.90E-06,8.20E-06,6.40E-06
b2574,nadB,,,5.30E-08,,,,,,,,,7.10E-08,,1.10E-07,,,,6.60E-08,6.90E-08,,8.00E-08,8.40E-08,,9.40E-08,,8.70E-08,1.00E-07,1.10E-07,1.40E-07,1.30E-07,1.20E-07
b2585,pssA,4.80E-06,3.60E-06,2.70E-06,1.90E-06,4.90E-06,1.90E-06,1.50E-06,1.70E-06,1.20E-06,1.60E-06,3.30E-06,2.70E-06,1.40E-06,1.80E-06,2.70E-06,1.30E-06,1.60E-06,1.60E-06,1.60E-06,1.10E-06,1.50E-06,1.50E-06,2.10E-06,2.20E-06,1.10E-06,9.50E-07,6.30E-07,1.00E-06,8.00E-07,1.40E-06,8.10E-07
b2585,pssA,4.80E-06,3.60E-06,2.70E-06,1.90E-06,4.90E-06,1.90E-06,1.50E-06,1.70E-06,1.20E-06,1.60E-06,3.30E-06,2.70E-06,1.40E-06,1.80E-06,2.70E-06,1.30E-06,1.60E-06,1.60E-06,1.60E-06,1.10E-06,1.50E-06,1.50E-06,2.10E-06,2.20E-06,1.10E-06,9.50E-07,6.30E-07,1.00E-06,8.00E-07,1.40E-06,8.10E-07
b2599,pheA,2.50E-06,1.80E-05,1.50E-05,1.60E-05,2.60E-06,1.70E-05,1.00E-05,1.40E-05,4.70E-06,1.20E-05,2.70E-06,1.10E-05,1.00E-05,4.60E-06,2.20E-06,9.00E-06,4.90E-06,5.40E-06,5.80E-06,7.30E-06,5.60E-06,5.80E-06,2.30E-06,7.60E-06,6.60E-06,3.30E-06,2.50E-06,5.60E-06,2.70E-06,5.00E-06,3.90E-06
b2600,tyrA,6.00E-07,1.70E-06,1.90E-06,1.10E-06,5.30E-07,1.10E-06,2.90E-06,1.20E-06,3.80E-06,1.20E-06,5.30E-07,2.10E-06,1.60E-06,9.10E-06,1.20E-06,2.00E-06,2.30E-06,2.30E-06,2.90E-06,2.50E-06,4.70E-06,2.80E-06,1.10E-06,3.90E-06,2.80E-06,1.60E-06,1.70E-06,5.00E-06,2.40E-06,6.10E-06,4.20E-06
b2615,ppnK,5.10E-07,,,,5.20E-07,,,,,,3.90E-07,,,,3.40E-07,,,,,,,,3.10E-07,,,,,6.70E-08,,,
b2687,luxS,2.10E-05,1.60E-05,1.90E-05,2.10E-05,1.80E-05,2.10E-05,2.80E-05,1.90E-05,2.30E-05,2.00E-05,2.00E-05,1.70E-05,2.00E-05,2.30E-05,2.10E-05,2.10E-05,2.10E-05,2.10E-05,2.50E-05,2.10E-05,2.60E-05,2.50E-05,2.30E-05,1.90E-05,2.20E-05,2.90E-05,5.20E-05,2.40E-05,6.00E-05,2.60E-05,4.70E-05
b2746,ispF,,5.20E-06,5.30E-06,5.50E-06,,5.80E-06,5.20E-06,4.00E-06,5.10E-06,4.40E-06,,5.10E-06,4.50E-06,4.90E-06,,3.90E-06,4.90E-06,6.60E-06,4.60E-06,3.70E-06,5.90E-06,6.30E-06,,5.50E-06,4.00E-06,5.90E-06,6.30E-06,5.30E-06,5.50E-06,5.40E-06,4.90E-06
b2747,ispD,,2.10E-07,2.40E-07,,,,1.40E-07,,2.10E-07,,,2.40E-07,,2.10E-07,,,2.30E-07,1.10E-07,1.90E-07,,1.90E-07,1.10E-07,,2.70E-07,,1.90E-07,2.90E-07,2.40E-07,2.70E-07,1.40E-07,1.20E-07
b2750,cysC,,6.70E-07,7.70E-07,7.90E-07,,7.90E-07,1.20E-06,1.00E-06,2.10E-06,1.30E-06,,1.20E-06,1.30E-06,1.90E-06,,1.50E-06,2.00E-06,1.80E-06,1.90E-06,1.50E-06,2.10E-06,1.50E-06,,1.70E-06,1.70E-06,1.90E-06,1.70E-06,3.00E-06,2.80E-06,2.00E-06,2.40E-06
b2779,eno,9.40E-05,7.70E-05,6.80E-05,9.80E-05,7.90E-05,1.00E-04,1.20E-04,9.30E-05,8.40E-05,9.50E-05,7.80E-05,6.60E-05,1.00E-04,7.90E-05,7.90E-05,1.10E-04,8.50E-05,9.20E-05,1.20E-04,1.20E-04,1.00E-04,1.00E-04,9.60E-05,9.00E-05,1.20E-04,1.70E-04,1.60E-04,1.30E-04,1.70E-04,1.80E-04,1.30E-04
b2780,pyrG,2.10E-06,1.40E-06,1.70E-06,3.40E-06,2.60E-06,3.40E-06,2.20E-06,4.10E-06,1.70E-06,4.40E-06,3.40E-06,1.90E-06,4.90E-06,2.50E-06,3.80E-06,5.30E-06,2.60E-06,2.90E-06,2.40E-06,5.80E-06,2.90E-06,2.20E-06,4.20E-06,2.60E-06,6.30E-06,2.80E-06,2.20E-06,3.40E-06,2.50E-06,3.10E-06,2.70E-06
b2818,argA,1.00E-06,9.40E-07,8.20E-07,,1.20E-06,,5.50E-07,,6.90E-07,1.90E-07,1.30E-06,8.60E-07,2.00E-07,9.90E-07,2.00E-06,2.10E-07,7.50E-07,7.60E-07,7.60E-07,1.90E-07,9.60E-07,9.00E-07,1.70E-06,1.40E-06,1.80E-07,9.80E-07,6.70E-07,1.20E-06,7.10E-07,1.10E-06,1.00E-06
b2827,thyA,9.50E-07,5.60E-07,8.60E-07,7.60E-07,1.00E-06,7.50E-07,7.50E-07,7.10E-07,9.00E-07,7.40E-07,1.10E-06,7.50E-07,7.90E-07,1.10E-06,9.70E-07,8.20E-07,1.20E-06,1.40E-06,1.30E-06,7.30E-07,1.30E-06,1.10E-06,1.10E-06,1.10E-06,7.40E-07,1.30E-06,1.00E-06,1.40E-06,8.60E-07,1.50E-06,6.50E-07
b2838,lysA,5.90E-07,1.00E-06,1.60E-06,,7.60E-07,,1.70E-06,,1.60E-06,7.50E-07,9.00E-07,2.20E-06,,2.20E-06,9.60E-07,,2.50E-06,2.80E-06,2.00E-06,,2.70E-06,1.90E-06,1.20E-06,2.80E-06,,2.80E-06,2.50E-06,2.60E-06,2.90E-06,3.30E-06,2.30E-06
b2913,serA,1.90E-05,1.80E-05,2.00E-05,3.10E-05,2.30E-05,3.20E-05,1.90E-05,3.50E-05,2.00E-05,3.80E-05,2.80E-05,2.60E-05,4.30E-05,2.50E-05,4.00E-05,4.80E-05,1.90E-05,1.70E-05,2.90E-05,5.70E-05,2.30E-05,1.10E-05,4.60E-05,3.60E-05,7.00E-05,4.30E-05,4.00E-05,4.00E-05,4.80E-05,2.60E-05,3.50E-05
b2925,fbaA,5.50E-05,3.70E-05,4.00E-05,4.50E-05,4.80E-05,4.40E-05,5.10E-05,4.30E-05,5.00E-05,4.40E-05,4.70E-05,3.90E-05,4.40E-05,5.60E-05,4.80E-05,4.50E-05,5.50E-05,4.90E-05,5.50E-05,4.60E-05,6.00E-05,4.10E-05,6.00E-05,5.10E-05,4.60E-05,6.30E-05,8.60E-05,7.10E-05,8.00E-05,8.30E-05,5.50E-05
b2926,pgk,7.20E-05,1.10E-04,1.00E-04,9.50E-05,6.30E-05,9.60E-05,1.40E-04,8.90E-05,1.30E-04,8.70E-05,6.20E-05,1.10E-04,8.70E-05,1.10E-04,5.70E-05,8.40E-05,1.20E-04,1.10E-04,1.20E-04,8.50E-05,1.30E-04,9.60E-05,5.60E-05,1.20E-04,7.90E-05,1.50E-04,1.60E-04,1.40E-04,1.40E-04,1.60E-04,1.30E-04
b2942,metK,1.30E-05,1.90E-05,2.10E-05,2.10E-05,1.30E-05,2.20E-05,2.20E-05,2.10E-05,1.60E-05,2.10E-05,1.60E-05,2.20E-05,2.30E-05,2.70E-05,2.40E-05,2.40E-05,2.10E-05,2.40E-05,2.90E-05,2.80E-05,2.60E-05,2.50E-05,2.00E-05,2.90E-05,3.20E-05,4.10E-05,4.70E-05,4.40E-05,8.00E-05,2.90E-05,5.30E-05
b3018,plsC,,2.00E-07,2.50E-07,,,5.40E-08,1.40E-07,,1.10E-07,,,2.90E-07,,1.90E-07,,5.30E-08,1.00E-07,1.10E-07,2.20E-07,,1.50E-07,1.40E-07,,3.20E-07,,2.30E-07,1.30E-07,1.50E-07,1.40E-07,2.30E-07,1.60E-07
b3018,plsC,,2.00E-07,2.50E-07,,,5.40E-08,1.40E-07,,1.10E-07,,,2.90E-07,,1.90E-07,,5.30E-08,1.00E-07,1.10E-07,2.20E-07,,1.50E-07,1.40E-07,,3.20E-07,,2.30E-07,1.30E-07,1.50E-07,1.40E-07,2.30E-07,1.60E-07
b3041,ribB,7.60E-07,5.20E-07,8.40E-07,4.40E-07,,,1.20E-06,,1.00E-06,4.80E-07,1.10E-06,6.40E-07,,1.90E-06,1.10E-06,4.70E-07,1.40E-06,8.70E-07,1.70E-06,,2.40E-06,9.10E-07,9.80E-07,9.90E-07,3.70E-07,1.20E-06,1.40E-06,1.30E-06,1.50E-06,9.50E-07,8.90E-07
b3058,folB,,2.90E-07,4.70E-07,,,,3.50E-07,5.50E-07,3.90E-07,5.50E-07,,4.70E-07,,2.70E-07,,,4.00E-07,2.80E-07,1.40E-07,,6.20E-07,,,4.50E-07,,4.20E-07,5.00E-07,6.40E-08,2.20E-07,3.90E-07,1.70E-07
b3172,argG,8.50E-06,1.20E-05,1.20E-05,1.70E-05,1.10E-05,1.80E-05,1.30E-05,1.90E-05,1.00E-05,2.30E-05,1.70E-05,1.00E-05,2.50E-05,1.30E-05,2.30E-05,3.10E-05,1.30E-05,1.50E-05,1.60E-05,3.60E-05,1.60E-05,1.50E-05,3.10E-05,1.60E-05,4.00E-05,1.80E-05,1.70E-05,3.00E-05,2.10E-05,2.00E-05,2.80E-05
b3176,glmM,4.80E-06,6.00E-06,5.80E-06,4.60E-06,5.00E-06,4.40E-06,4.20E-06,4.20E-06,3.20E-06,4.70E-06,5.00E-06,5.30E-06,4.90E-06,4.50E-06,4.60E-06,4.60E-06,4.00E-06,3.70E-06,4.80E-06,4.60E-06,4.20E-06,4.60E-06,4.40E-06,5.40E-06,4.70E-06,4.80E-06,4.00E-06,3.90E-06,4.70E-06,4.90E-06,5.40E-06
b3177,folP,,2.90E-07,3.70E-07,3.70E-07,,3.90E-07,4.70E-07,4.40E-07,6.40E-07,4.60E-07,,4.90E-07,,6.10E-07,,5.40E-07,6.90E-07,7.40E-07,7.30E-07,,6.40E-07,5.10E-07,,6.80E-07,5.80E-07,7.40E-07,9.20E-07,7.90E-07,7.60E-07,6.00E-07,7.20E-07
b3187,ispB,1.20E-06,2.60E-07,2.50E-07,,1.20E-06,3.70E-07,1.50E-07,,2.80E-07,4.50E-07,1.50E-06,2.30E-07,4.50E-07,3.00E-07,1.30E-06,,3.10E-07,1.90E-07,3.30E-07,3.60E-07,2.20E-07,2.10E-07,1.60E-06,2.00E-07,3.90E-07,1.80E-07,1.20E-07,2.90E-07,1.50E-07,1.90E-07,1.40E-07
b3189,murA,1.90E-06,1.60E-06,1.70E-06,1.60E-06,2.10E-06,1.70E-06,1.60E-06,1.90E-06,1.50E-06,1.80E-06,2.20E-06,1.80E-06,1.80E-06,2.10E-06,2.10E-06,1.90E-06,1.60E-06,1.60E-06,2.30E-06,2.10E-06,2.40E-06,1.40E-06,2.30E-06,2.00E-06,1.90E-06,2.00E-06,2.00E-06,2.30E-06,1.50E-06,1.80E-06,1.60E-06
b3198,kdsC,1.50E-06,6.50E-07,7.60E-07,,1.90E-06,1.00E-06,1.30E-06,1.10E-06,7.70E-07,1.00E-06,2.00E-06,6.20E-07,1.10E-06,6.80E-07,1.90E-06,9.10E-07,7.10E-07,1.10E-06,6.10E-07,1.00E-06,7.20E-07,6.70E-07,1.40E-06,7.90E-07,1.00E-06,1.20E-06,1.20E-06,7.20E-07,1.10E-06,9.10E-07,7.00E-07
b3236,mdh,1.40E-04,2.20E-04,2.40E-04,3.40E-04,1.60E-04,3.40E-04,2.30E-04,3.50E-04,5.20E-04,3.30E-04,1.60E-04,2.50E-04,3.20E-04,5.20E-04,1.40E-04,3.10E-04,2.70E-04,2.80E-04,2.60E-04,3.20E-04,2.50E-04,3.50E-04,9.30E-05,2.70E-04,2.90E-04,2.50E-04,2.30E-04,1.90E-04,1.20E-04,2.60E-04,2.10E-04
b3359,argD,7.30E-06,1.40E-05,1.30E-05,4.80E-06,7.10E-06,4.90E-06,1.30E-05,5.30E-06,6.80E-06,5.70E-06,8.00E-06,9.70E-06,5.40E-06,1.00E-05,1.20E-05,6.20E-06,7.00E-06,7.90E-06,1.00E-05,6.90E-06,8.70E-06,7.60E-06,1.10E-05,1.00E-05,7.30E-06,7.50E-06,7.90E-06,1.40E-05,1.10E-05,1.00E-05,1.20E-05
b3368,cysG,,1.60E-07,1.50E-07,,,,1.80E-07,,1.20E-07,,,1.30E-07,,1.60E-07,,,1.70E-07,1.70E-07,1.70E-07,,1.50E-07,1.70E-07,,1.70E-07,,1.90E-07,1.60E-07,1.10E-07,2.10E-07,1.80E-07,1.90E-07
b3368,cysG,,1.60E-07,1.50E-07,,,,1.80E-07,,1.20E-07,,,1.30E-07,,1.60E-07,,,1.70E-07,1.70E-07,1.70E-07,,1.50E-07,1.70E-07,,1.70E-07,,1.90E-07,1.60E-07,1.10E-07,2.10E-07,1.80E-07,1.90E-07
b3389,aroB,2.40E-06,9.20E-07,1.00E-06,2.20E-06,2.50E-06,2.20E-06,1.10E-06,2.00E-06,9.30E-07,2.10E-06,2.30E-06,9.50E-07,1.80E-06,1.10E-06,1.80E-06,1.90E-06,8.80E-07,9.60E-07,9.10E-07,1.70E-06,9.50E-07,9.80E-07,1.70E-06,7.90E-07,1.60E-06,1.00E-06,1.20E-06,1.10E-06,1.10E-06,8.80E-07,1.40E-06
b3412,bioH,,7.40E-08,7.70E-08,,,,8.70E-08,,2.70E-07,,,1.00E-07,,1.40E-07,,,7.90E-08,9.00E-08,8.10E-08,,9.90E-08,6.90E-08,,1.00E-07,,9.70E-08,9.70E-08,2.40E-07,1.60E-07,1.00E-07,
b3433,asd,2.70E-05,1.40E-05,1.70E-05,2.20E-05,3.70E-05,2.30E-05,2.10E-05,2.40E-05,3.60E-05,2.60E-05,4.10E-05,2.10E-05,2.80E-05,3.30E-05,4.80E-05,3.00E-05,2.30E-05,2.40E-05,2.40E-05,3.40E-05,3.40E-05,2.20E-05,5.70E-05,3.00E-05,3.80E-05,3.70E-05,4.30E-05,4.90E-05,5.50E-05,3.70E-05,4.10E-05
b3607,cysE,2.30E-06,1.90E-06,1.70E-06,1.40E-06,2.30E-06,1.70E-06,1.90E-06,1.30E-06,1.70E-06,1.20E-06,1.80E-06,1.70E-06,1.30E-06,1.90E-06,1.40E-06,1.20E-06,1.80E-06,1.90E-06,2.30E-06,1.10E-06,2.00E-06,2.00E-06,1.30E-06,1.80E-06,9.70E-07,1.90E-06,9.90E-07,1.40E-06,1.90E-06,2.00E-06,2.10E-06
b3608,gpsA,1.90E-06,1.50E-06,1.30E-06,2.10E-06,1.40E-06,2.20E-06,8.20E-07,,1.30E-06,1.80E-06,1.20E-06,1.30E-06,1.90E-06,1.30E-06,1.00E-06,1.70E-06,1.40E-06,9.90E-07,1.20E-06,1.70E-06,1.10E-06,1.10E-06,9.60E-07,1.20E-06,1.50E-06,9.70E-07,1.20E-06,1.20E-06,1.30E-06,7.40E-07,8.80E-07
b3633,waaA,,1.20E-07,1.40E-07,,,,5.90E-08,,8.30E-08,,,1.40E-07,,1.30E-07,,,1.10E-07,1.00E-07,1.30E-07,,1.40E-07,5.70E-08,,2.20E-07,,5.00E-08,,1.10E-07,,9.50E-08,1.50E-07
b3633,waaA,,1.20E-07,1.40E-07,,,,5.90E-08,,8.30E-08,,,1.40E-07,,1.30E-07,,,1.10E-07,1.00E-07,1.30E-07,,1.40E-07,5.70E-08,,2.20E-07,,5.00E-08,,1.10E-07,,9.50E-08,1.50E-07
b3634,coaD,,1.70E-07,1.30E-07,,,,2.50E-07,,1.30E-07,,,1.10E-07,,1.60E-07,,,1.40E-07,2.40E-07,1.60E-07,,2.20E-07,2.20E-07,,1.50E-07,,1.70E-07,2.00E-07,2.20E-07,2.50E-07,1.90E-07,3.30E-07
b3639,coaBC,2.60E-06,2.20E-06,1.70E-06,7.30E-07,,7.20E-07,8.40E-07,5.20E-07,9.80E-07,6.40E-07,,1.70E-06,6.00E-07,1.70E-06,1.90E-06,5.90E-07,9.00E-07,7.20E-07,1.30E-06,5.60E-07,9.40E-07,8.70E-07,,1.70E-06,5.40E-07,9.60E-07,7.10E-07,8.90E-07,8.50E-07,9.60E-07,1.20E-06
b3639,coaBC,2.60E-06,2.20E-06,1.70E-06,7.30E-07,,7.20E-07,8.40E-07,5.20E-07,9.80E-07,6.40E-07,,1.70E-06,6.00E-07,1.70E-06,1.90E-06,5.90E-07,9.00E-07,7.20E-07,1.30E-06,5.60E-07,9.40E-07,8.70E-07,,1.70E-06,5.40E-07,9.60E-07,7.10E-07,8.90E-07,8.50E-07,9.60E-07,1.20E-06
b3648,gmk,8.10E-07,7.20E-07,7.70E-07,8.40E-07,7.10E-07,6.70E-07,1.30E-06,6.80E-07,8.50E-07,6.00E-07,7.40E-07,8.50E-07,6.70E-07,9.30E-07,8.00E-07,7.20E-07,1.10E-06,1.10E-06,1.00E-06,7.90E-07,1.10E-06,1.00E-06,1.10E-06,1.00E-06,8.20E-07,1.60E-06,1.90E-06,1.50E-06,1.80E-06,1.30E-06,1.70E-06
b3708,tnaA,1.90E-05,2.00E-05,1.50E-05,2.30E-05,,2.70E-05,6.30E-06,4.80E-05,1.10E-05,3.30E-05,,1.30E-05,2.50E-05,3.60E-06,,2.70E-05,6.60E-06,6.70E-06,4.20E-06,1.20E-05,4.00E-06,6.30E-06,,8.10E-06,3.10E-05,2.40E-06,1.90E-06,2.20E-06,2.00E-06,2.40E-06,2.60E-06
b3729,glmS,5.60E-06,7.40E-06,7.80E-06,5.50E-06,6.20E-06,5.70E-06,9.60E-06,5.90E-06,7.30E-06,5.80E-06,6.80E-06,8.90E-06,5.80E-06,1.10E-05,6.20E-06,5.80E-06,1.20E-05,1.30E-05,7.30E-06,6.10E-06,1.40E-05,9.20E-06,8.80E-06,1.10E-05,6.10E-06,1.50E-05,7.90E-06,1.40E-05,1.00E-05,1.40E-05,1.70E-05
b3730,glmU,9.40E-07,1.10E-06,1.40E-06,5.70E-07,1.10E-06,5.60E-07,1.20E-06,7.40E-07,1.20E-06,6.40E-07,1.30E-06,1.40E-06,7.50E-07,1.40E-06,1.30E-06,6.80E-07,1.20E-06,1.40E-06,1.10E-06,8.40E-07,1.60E-06,1.20E-06,1.60E-06,1.90E-06,8.60E-07,1.90E-06,1.60E-06,1.40E-06,1.50E-06,1.80E-06,1.70E-06
b3730,glmU,9.40E-07,1.10E-06,1.40E-06,5.70E-07,1.10E-06,5.60E-07,1.20E-06,7.40E-07,1.20E-06,6.40E-07,1.30E-06,1.40E-06,7.50E-07,1.40E-06,1.30E-06,6.80E-07,1.20E-06,1.40E-06,1.10E-06,8.40E-07,1.60E-06,1.20E-06,1.60E-06,1.90E-06,8.60E-07,1.90E-06,1.60E-06,1.40E-06,1.50E-06,1.80E-06,1.70E-06
b3744,asnA,,9.90E-07,1.70E-06,1.20E-06,,1.20E-06,1.70E-06,1.50E-06,2.30E-06,1.60E-06,,2.40E-06,1.90E-06,4.10E-06,,2.20E-06,2.30E-06,2.30E-06,2.70E-06,2.30E-06,3.20E-06,3.10E-06,,3.90E-06,2.60E-06,3.30E-06,3.40E-06,6.30E-06,3.00E-06,4.20E-06,2.40E-06
b3770,ilvE,3.90E-06,4.20E-06,4.40E-06,5.70E-06,6.60E-06,6.20E-06,5.30E-06,5.90E-06,5.50E-06,7.10E-06,7.90E-06,6.00E-06,8.00E-06,7.90E-06,1.10E-05,8.10E-06,6.80E-06,7.70E-06,7.00E-06,8.90E-06,7.20E-06,6.20E-06,9.90E-06,8.90E-06,1.10E-05,1.50E-05,1.90E-05,9.20E-06,1.20E-05,1.00E-05,8.90E-06
b3770,ilvE,3.90E-06,4.20E-06,4.40E-06,5.70E-06,6.60E-06,6.20E-06,5.30E-06,5.90E-06,5.50E-06,7.10E-06,7.90E-06,6.00E-06,8.00E-06,7.90E-06,1.10E-05,8.10E-06,6.80E-06,7.70E-06,7.00E-06,8.90E-06,7.20E-06,6.20E-06,9.90E-06,8.90E-06,1.10E-05,1.50E-05,1.90E-05,9.20E-06,1.20E-05,1.00E-05,8.90E-06
b3771,ilvD,1.30E-07,1.50E-06,1.90E-06,1.10E-06,1.70E-07,1.10E-06,2.00E-06,1.30E-06,2.20E-06,1.20E-06,3.10E-07,2.10E-06,1.40E-06,4.00E-06,2.30E-07,1.40E-06,2.70E-06,2.80E-06,3.40E-06,1.50E-06,2.70E-06,3.10E-06,4.00E-07,3.10E-06,1.70E-06,5.30E-06,7.50E-06,4.20E-06,3.90E-06,4.10E-06,3.90E-06
b3771,ilvD,1.30E-07,1.50E-06,1.90E-06,1.10E-06,1.70E-07,1.10E-06,2.00E-06,1.30E-06,2.20E-06,1.20E-06,3.10E-07,2.10E-06,1.40E-06,4.00E-06,2.30E-07,1.40E-06,2.70E-06,2.80E-06,3.40E-06,1.50E-06,2.70E-06,3.10E-06,4.00E-07,3.10E-06,1.70E-06,5.30E-06,7.50E-06,4.20E-06,3.90E-06,4.10E-06,3.90E-06
b3774,ilvC,4.30E-05,3.60E-05,5.60E-05,1.20E-04,5.30E-05,1.20E-04,6.20E-05,1.20E-04,6.80E-05,1.20E-04,6.00E-05,7.50E-05,1.20E-04,5.70E-05,6.20E-05,1.20E-04,7.90E-05,9.70E-05,8.10E-05,1.20E-04,1.10E-04,9.10E-05,7.30E-05,1.00E-04,1.20E-04,1.10E-04,1.50E-04,1.20E-04,6.80E-05,1.20E-04,1.10E-04
b3774,ilvC,4.30E-05,3.60E-05,5.60E-05,1.20E-04,5.30E-05,1.20E-04,6.20E-05,1.20E-04,6.80E-05,1.20E-04,6.00E-05,7.50E-05,1.20E-04,5.70E-05,6.20E-05,1.20E-04,7.90E-05,9.70E-05,8.10E-05,1.20E-04,1.10E-04,9.10E-05,7.30E-05,1.00E-04,1.20E-04,1.10E-04,1.50E-04,1.20E-04,6.80E-05,1.20E-04,1.10E-04
b3804,hemD,2.20E-07,7.40E-08,6.80E-08,,2.00E-07,,6.40E-08,,5.70E-08,,1.40E-07,5.90E-08,,6.80E-08,9.10E-08,,6.70E-08,5.50E-08,6.10E-08,,,,7.50E-08,,,,,,,,
b3805,hemC,,6.30E-07,7.80E-07,,,,8.60E-07,,5.90E-07,,,7.00E-07,,9.00E-07,,,7.30E-07,7.70E-07,8.60E-07,,1.70E-06,7.70E-07,,6.20E-07,,7.00E-07,8.00E-07,7.90E-07,8.60E-07,6.40E-07,7.80E-07
b3809,dapF,1.30E-06,6.70E-07,7.40E-07,,1.40E-06,,7.30E-07,,9.50E-07,,1.30E-06,4.30E-07,,7.40E-07,1.20E-06,,1.00E-06,9.00E-07,1.10E-06,,9.00E-07,,1.10E-06,9.40E-07,,,8.10E-07,1.30E-06,1.10E-06,,1.10E-06
b3816,corA,2.10E-06,3.50E-06,3.00E-06,6.90E-07,1.60E-06,8.60E-07,1.60E-06,8.40E-07,8.50E-07,6.80E-07,9.40E-07,1.90E-06,6.10E-07,1.40E-06,6.50E-07,5.70E-07,9.10E-07,8.40E-07,1.60E-06,5.20E-07,1.30E-06,1.20E-06,6.90E-07,1.90E-06,5.60E-07,6.60E-07,5.30E-07,9.80E-07,5.80E-07,1.00E-06,1.20E-06
b3829,metE,3.20E-05,2.20E-05,4.00E-05,7.00E-05,5.50E-05,6.80E-05,5.30E-05,8.70E-05,7.60E-05,1.10E-04,9.40E-05,5.60E-05,1.40E-04,7.50E-05,1.40E-04,1.70E-04,7.80E-05,7.50E-05,9.20E-05,1.80E-04,1.10E-04,1.00E-04,1.20E-04,1.00E-04,1.90E-04,1.20E-04,1.10E-04,1.80E-04,8.80E-05,1.30E-04,1.10E-04
b3835,ubiB,5.30E-07,,,,5.30E-07,,,,,,5.60E-07,,,,4.90E-07,,,,,,,,4.80E-07,,,,,,,,
b3844,fre,1.10E-06,2.70E-06,3.00E-06,1.20E-06,1.30E-06,1.20E-06,3.30E-06,1.30E-06,2.80E-06,1.30E-06,1.30E-06,2.70E-06,1.30E-06,3.00E-06,1.10E-06,1.30E-06,3.00E-06,3.40E-06,3.10E-06,1.10E-06,2.70E-06,2.80E-06,1.10E-06,3.00E-06,1.00E-06,2.80E-06,3.70E-06,2.30E-06,3.10E-06,2.80E-06,2.50E-06
b3846,fadB,9.60E-06,1.10E-05,1.10E-05,8.00E-06,9.30E-06,8.50E-06,5.40E-06,7.10E-06,2.70E-06,7.40E-06,5.30E-06,7.10E-06,6.70E-06,4.10E-06,2.00E-06,6.10E-06,3.70E-06,3.60E-06,2.70E-06,5.70E-06,1.10E-06,4.70E-06,7.50E-07,3.20E-06,4.80E-06,1.00E-06,7.50E-07,6.10E-07,5.20E-07,1.10E-06,5.00E-07
b3850,hemG,3.00E-07,3.40E-07,5.50E-07,4.10E-07,3.10E-07,,3.30E-07,1.00E-06,3.40E-07,6.40E-07,2.90E-07,5.70E-07,8.00E-07,5.80E-07,2.80E-07,5.70E-07,4.20E-07,3.00E-07,6.70E-07,6.90E-07,5.80E-07,4.00E-07,3.10E-07,5.30E-07,6.20E-07,4.60E-07,4.20E-07,3.80E-07,4.90E-07,3.40E-07,4.80E-07
b3916,pfkA,8.80E-06,4.30E-06,4.30E-06,9.90E-06,8.60E-06,1.00E-05,5.30E-06,1.00E-05,3.60E-06,1.10E-05,9.60E-06,4.00E-06,1.10E-05,3.30E-06,9.20E-06,1.10E-05,4.00E-06,3.20E-06,4.30E-06,1.10E-05,4.80E-06,3.70E-06,9.50E-06,5.30E-06,1.10E-05,5.70E-06,4.30E-06,5.10E-06,4.50E-06,6.80E-06,3.80E-06
b3916,pfkA,8.80E-06,4.30E-06,4.30E-06,9.90E-06,8.60E-06,1.00E-05,5.30E-06,1.00E-05,3.60E-06,1.10E-05,9.60E-06,4.00E-06,1.10E-05,3.30E-06,9.20E-06,1.10E-05,4.00E-06,3.20E-06,4.30E-06,1.10E-05,4.80E-06,3.70E-06,9.50E-06,5.30E-06,1.10E-05,5.70E-06,4.30E-06,5.10E-06,4.50E-06,6.80E-06,3.80E-06
b3919,tpiA,3.30E-05,3.00E-05,3.10E-05,3.30E-05,3.00E-05,3.50E-05,3.40E-05,3.10E-05,3.40E-05,2.90E-05,2.50E-05,3.00E-05,2.90E-05,2.70E-05,2.40E-05,2.80E-05,3.10E-05,2.40E-05,2.80E-05,2.70E-05,2.80E-05,2.40E-05,2.40E-05,3.50E-05,2.70E-05,3.50E-05,4.80E-05,2.60E-05,5.20E-05,3.20E-05,2.80E-05
b3939,metB,2.50E-06,4.00E-06,3.80E-06,2.00E-06,3.80E-06,2.00E-06,4.60E-06,2.10E-06,4.70E-06,2.30E-06,4.70E-06,2.70E-06,2.20E-06,3.50E-06,5.10E-06,2.50E-06,2.80E-06,3.40E-06,3.20E-06,2.60E-06,5.10E-06,3.80E-06,3.70E-06,4.50E-06,2.20E-06,4.40E-06,2.90E-06,6.80E-06,4.40E-06,5.40E-06,4.90E-06
b3941,metF,3.50E-06,4.90E-06,6.00E-06,4.50E-06,5.10E-06,4.40E-06,9.80E-06,5.20E-06,9.80E-06,6.10E-06,7.50E-06,5.50E-06,6.50E-06,7.80E-06,9.60E-06,8.00E-06,8.00E-06,9.00E-06,9.20E-06,8.50E-06,1.30E-05,1.00E-05,9.40E-06,9.20E-06,8.70E-06,1.40E-05,1.10E-05,1.60E-05,1.60E-05,1.40E-05,1.30E-05
b3956,ppc,1.20E-05,8.90E-06,1.00E-05,1.30E-05,1.50E-05,1.30E-05,7.60E-06,1.40E-05,5.90E-06,1.50E-05,1.90E-05,1.20E-05,1.60E-05,6.20E-06,1.90E-05,1.70E-05,5.80E-06,5.80E-06,1.30E-05,1.90E-05,8.30E-06,1.00E-05,2.40E-05,1.60E-05,2.00E-05,1.30E-05,1.10E-05,1.30E-05,1.90E-05,1.70E-05,1.20E-05
b3957,argE,1.90E-06,5.10E-06,4.10E-06,1.10E-06,2.00E-06,1.10E-06,6.00E-06,1.10E-06,3.50E-06,1.10E-06,2.20E-06,3.20E-06,1.40E-06,5.30E-06,2.60E-06,1.40E-06,3.60E-06,3.60E-06,3.70E-06,1.50E-06,5.30E-06,4.50E-06,3.00E-06,4.90E-06,1.70E-06,5.50E-06,9.50E-06,7.60E-06,8.50E-06,6.20E-06,7.50E-06
b3958,argC,8.90E-07,3.10E-06,3.00E-06,2.40E-06,8.00E-07,2.00E-06,3.70E-06,1.80E-06,3.60E-06,2.90E-06,1.00E-06,2.70E-06,2.50E-06,4.30E-06,2.90E-06,3.00E-06,3.70E-06,4.10E-06,3.70E-06,3.40E-06,4.70E-06,3.50E-06,1.70E-06,4.30E-06,3.30E-06,5.70E-06,4.80E-06,6.10E-06,6.50E-06,5.30E-06,6.50E-06
b3959,argB,3.10E-06,1.20E-05,9.10E-06,7.00E-06,3.40E-06,4.70E-06,1.30E-05,6.50E-06,1.00E-05,8.00E-06,3.70E-06,7.40E-06,6.70E-06,1.60E-05,3.90E-06,7.60E-06,1.20E-05,1.40E-05,1.30E-05,7.30E-06,1.50E-05,1.40E-05,4.80E-06,1.00E-05,8.00E-06,1.30E-05,1.10E-05,2.30E-05,1.50E-05,1.90E-05,1.90E-05
b3960,argH,1.20E-06,3.90E-06,3.90E-06,2.70E-06,1.90E-06,3.40E-06,4.60E-06,3.10E-06,5.30E-06,3.70E-06,2.60E-06,4.00E-06,4.70E-06,5.30E-06,3.10E-06,5.10E-06,5.60E-06,5.00E-06,6.10E-06,5.10E-06,6.90E-06,5.60E-06,4.90E-06,5.70E-06,6.00E-06,6.90E-06,6.50E-06,1.00E-05,8.60E-06,6.90E-06,1.10E-05
b3967,murI,,2.50E-07,2.60E-07,,,,2.30E-07,,2.80E-07,,,3.20E-07,,2.50E-07,,,2.60E-07,2.00E-07,2.60E-07,,1.90E-07,2.20E-07,,3.00E-07,,3.10E-07,2.90E-07,2.40E-07,3.20E-07,2.40E-07,3.10E-07
b3972,murB,1.80E-07,7.40E-08,1.00E-07,,2.00E-07,,9.10E-08,,7.90E-08,,1.80E-07,9.60E-08,,1.70E-07,1.80E-07,,1.50E-07,9.40E-08,1.70E-07,,1.40E-07,8.40E-08,1.50E-07,1.10E-07,,1.10E-07,1.40E-07,1.90E-07,1.40E-07,1.20E-07,
b3974,coaA,4.50E-07,5.30E-07,6.70E-07,4.10E-07,5.30E-07,3.30E-07,8.10E-07,3.20E-07,6.30E-07,3.40E-07,4.50E-07,6.00E-07,3.10E-07,1.20E-06,3.50E-07,3.40E-07,1.00E-06,1.10E-06,8.50E-07,,9.40E-07,9.20E-07,3.70E-07,6.00E-07,3.00E-07,6.80E-07,4.90E-07,9.70E-07,5.20E-07,7.40E-07,4.90E-07
b3991,thiG,2.00E-06,,,3.60E-06,3.20E-06,3.80E-06,,3.80E-06,,4.50E-06,5.20E-06,,4.50E-06,,5.00E-06,4.70E-06,,,,4.80E-06,,,4.90E-06,,5.00E-06,,,,,,
b3993,thiE,3.70E-06,,,2.20E-06,4.40E-06,2.00E-06,,2.30E-06,,2.50E-06,5.00E-06,,2.10E-06,,4.90E-06,2.20E-06,,,,2.20E-06,,,5.10E-06,,2.10E-06,,,,,,
b3994,thiC,2.10E-06,,,2.80E-06,3.40E-06,2.70E-06,,3.10E-06,,3.40E-06,4.60E-06,,3.60E-06,,5.30E-06,3.70E-06,,,,4.40E-06,,,5.90E-06,,4.60E-06,,,,,,
b3997,hemE,2.00E-06,,,1.00E-06,1.90E-06,1.00E-06,,1.10E-06,,1.10E-06,1.80E-06,,1.20E-06,,1.80E-06,1.10E-06,,,,1.00E-06,,,1.90E-06,,1.00E-06,,,1.10E-07,5.20E-08,,5.10E-08
b4005,purD,2.40E-06,2.00E-06,2.50E-06,1.90E-06,2.80E-06,1.90E-06,3.60E-06,2.00E-06,3.50E-06,2.10E-06,3.50E-06,3.00E-06,2.30E-06,8.40E-06,4.80E-06,2.60E-06,5.40E-06,5.20E-06,6.60E-06,3.10E-06,5.80E-06,5.70E-06,5.70E-06,4.30E-06,3.40E-06,6.20E-06,8.00E-06,7.50E-06,8.00E-06,6.40E-06,7.30E-06
b4006,purH,2.50E-06,4.40E-06,4.90E-06,6.00E-06,3.20E-06,6.00E-06,6.20E-06,6.40E-06,5.00E-06,7.00E-06,4.50E-06,5.40E-06,7.70E-06,1.00E-05,5.90E-06,8.90E-06,8.50E-06,8.50E-06,8.20E-06,1.00E-05,9.10E-06,7.10E-06,7.20E-06,8.40E-06,1.20E-05,9.00E-06,8.50E-06,9.70E-06,1.00E-05,9.60E-06,1.10E-05
b4006,purH,2.50E-06,4.40E-06,4.90E-06,6.00E-06,3.20E-06,6.00E-06,6.20E-06,6.40E-06,5.00E-06,7.00E-06,4.50E-06,5.40E-06,7.70E-06,1.00E-05,5.90E-06,8.90E-06,8.50E-06,8.50E-06,8.20E-06,1.00E-05,9.10E-06,7.10E-06,7.20E-06,8.40E-06,1.20E-05,9.00E-06,8.50E-06,9.70E-06,1.00E-05,9.60E-06,1.10E-05
b4013,metA,2.80E-06,2.70E-06,2.80E-06,3.00E-06,3.40E-06,3.00E-06,3.80E-06,3.00E-06,2.20E-06,2.50E-06,3.50E-06,2.90E-06,2.50E-06,3.30E-06,3.40E-06,2.30E-06,2.80E-06,4.30E-06,3.20E-06,2.50E-06,3.50E-06,3.80E-06,3.80E-06,3.30E-06,2.70E-06,6.00E-06,5.10E-06,9.50E-06,8.10E-06,4.30E-06,4.90E-06
b4025,pgi,2.00E-05,1.30E-05,1.30E-05,1.60E-05,1.80E-05,1.60E-05,1.60E-05,1.50E-05,1.30E-05,1.50E-05,1.90E-05,1.30E-05,1.50E-05,1.00E-05,1.80E-05,1.40E-05,1.30E-05,1.20E-05,1.60E-05,1.50E-05,1.70E-05,1.50E-05,1.70E-05,1.40E-05,1.50E-05,2.00E-05,1.40E-05,1.60E-05,2.10E-05,1.60E-05,2.00E-05
b4039,ubiC,,3.40E-07,5.30E-07,,,,3.20E-07,,5.30E-07,,,4.90E-07,,4.40E-07,,,6.50E-07,4.30E-07,6.00E-07,,5.40E-07,4.40E-07,,5.50E-07,,3.80E-07,3.70E-07,5.50E-07,3.60E-07,3.30E-07,1.80E-07
b4160,psd,5.10E-06,5.70E-06,5.00E-06,1.70E-06,4.40E-06,1.50E-06,4.90E-06,1.60E-06,4.00E-06,1.60E-06,3.60E-06,4.60E-06,1.40E-06,6.10E-06,3.40E-06,1.40E-06,4.50E-06,5.10E-06,4.90E-06,1.40E-06,5.60E-06,5.50E-06,3.10E-06,4.40E-06,1.40E-06,4.50E-06,4.80E-06,5.70E-06,4.20E-06,5.70E-06,4.50E-06
b4160,psd,5.10E-06,5.70E-06,5.00E-06,1.70E-06,4.40E-06,1.50E-06,4.90E-06,1.60E-06,4.00E-06,1.60E-06,3.60E-06,4.60E-06,1.40E-06,6.10E-06,3.40E-06,1.40E-06,4.50E-06,5.10E-06,4.90E-06,1.40E-06,5.60E-06,5.50E-06,3.10E-06,4.40E-06,1.40E-06,4.50E-06,4.80E-06,5.70E-06,4.20E-06,5.70E-06,4.50E-06
b4177,purA,3.30E-05,2.40E-05,2.30E-05,4.00E-05,3.40E-05,4.00E-05,2.20E-05,4.00E-05,2.60E-05,4.10E-05,2.80E-05,2.80E-05,4.10E-05,2.50E-05,2.70E-05,4.20E-05,2.10E-05,2.20E-05,2.30E-05,4.20E-05,2.50E-05,1.80E-05,3.00E-05,3.10E-05,3.90E-05,2.90E-05,2.40E-05,2.40E-05,2.60E-05,2.30E-05,1.70E-05
b4208,cycA,3.00E-06,4.40E-06,3.70E-06,3.60E-06,3.70E-06,3.70E-06,1.20E-06,3.40E-06,1.70E-06,2.50E-06,2.30E-06,3.70E-06,2.50E-06,1.80E-06,1.80E-06,1.90E-06,2.20E-06,1.80E-06,1.60E-06,1.50E-06,1.20E-06,1.60E-06,,2.70E-06,1.00E-06,1.10E-06,5.00E-07,6.40E-07,7.20E-07,1.10E-06,7.80E-07
b4214,cysQ,7.10E-06,5.10E-06,3.50E-06,2.50E-06,5.00E-06,2.10E-06,5.00E-06,1.80E-06,3.60E-06,2.20E-06,3.30E-06,2.70E-06,2.00E-06,3.40E-06,3.10E-06,1.40E-06,3.50E-06,2.70E-06,4.10E-06,1.50E-06,3.30E-06,3.50E-06,2.50E-06,2.30E-06,1.60E-06,2.50E-06,4.30E-06,3.20E-06,5.20E-06,2.50E-06,3.80E-06
b4384,deoD,8.90E-06,1.10E-05,1.20E-05,2.30E-05,1.00E-05,2.40E-05,1.20E-05,2.30E-05,9.80E-06,2.30E-05,9.60E-06,1.10E-05,2.20E-05,8.80E-06,1.00E-05,2.00E-05,1.20E-05,1.30E-05,1.00E-05,1.90E-05,1.30E-05,1.20E-05,7.50E-06,1.10E-05,1.80E-05,1.00E-05,1.00E-05,9.80E-06,1.00E-05,1.10E-05,1.10E-05
b4388,serB,5.40E-07,2.20E-07,3.30E-07,2.00E-07,5.20E-07,2.00E-07,3.20E-07,2.10E-07,2.00E-07,1.60E-07,4.90E-07,3.30E-07,,3.70E-07,4.70E-07,2.00E-07,3.10E-07,3.40E-07,4.50E-07,,4.60E-07,3.90E-07,5.40E-07,3.20E-07,1.80E-07,5.10E-07,4.30E-07,6.70E-07,3.70E-07,4.90E-07,2.10E-07
