reaction (model name),bnumber,GLC_CHEM_mu=0.11_V,GLC_CHEM_mu=0.12_S,GLC_CHEM_mu=0.20_S,GLC_CHEM_mu=0.21_P,GLC_CHEM_mu=0.21_V,GLC_CHEM_mu=0.22_P,GLC_CHEM_mu=0.26_P,GAL_BATCH_mu=0.26_S,ACE_BATCH_mu=0.3_S,GLC_CHEM_mu=0.31_P,GLC_CHEM_mu=0.31_V,GLC_CHEM_mu=0.35_S,GLC_CHEM_mu=0.36_P,PYR_BATCH_mu=0.4_S,GLC_CHEM_mu=0.40_V,GLC_CHEM_mu=0.41_P,FUM_BATCH_mu=0.42_S,SUCC_BATCH_mu=0.44_S,GLC_CHEM_mu=0.46_P,GAM_BATCH_mu=0.46_S,GLYC_BATCH_mu=0.47_S,MAN_BATCH_mu=0.47_S,GLC_CHEM_mu=0.49_V,GLC_CHEM_mu=0.50_S,GLC_CHEM_mu=0.51_P,GLC+SALTS_BATCH_mu=0.55_S,XYL_BATCH_mu=0.55_S,GLC_BATCH_mu=0.58_S,GLC@pH6_BATCH_mu=0.63_S,FRU_BATCH_mu=0.65_S,GLC@42deg_BATCH_mu=0.66_S
3OAR140,b1093,0.13,0.28,0.47,0.22,0.26,0.23,0.49,0.26,0.59,0.31,0.38,0.73,0.35,0.64,0.49,0.41,0.68,0.58,0.74,0.46,0.76,0.76,0.56,0.97,0.52,0.86,0.91,0.76,1,1.1,1.3
5DOAN,b0159,0,0,0,0.01,0,0.01,0,0.01,0,0.01,0.01,0,0.01,0,0.01,0.01,0,0,0,0.01,0,0,0.01,0,0.01,0,0,0,0,0,0.01
ACGK,b3959,2.9,0.82,1.8,2.5,5,3.8,1.7,3.3,2.4,3.2,6.8,3.9,4.4,2.1,8.4,4.4,3,2.6,2.9,5.1,2.6,2.9,8.4,4,5.2,3.4,4,2.1,3.4,2.9,2.9
ACGS,b2818,9,11,20,,14,,39,,36,130,20,33,150,33,17,160,46,48,50,200,40,43,23,30,230,46,67,40,73,49,54
ACOAD1f_reverse,b0221,7.7,6.5,9.2,12,14,17,51,37,22,21,28,16,36,24,61,40,56,79,54,73,100,42,170,32,85,130,110,190,360,96,130
ACOAD2f_reverse,b0221,7.7,6.5,9.2,12,14,17,51,37,22,21,28,16,36,24,61,40,56,79,54,73,100,42,170,32,85,130,110,190,360,96,130
ACOAD3f_reverse,b0221,7.7,6.5,9.2,12,14,17,51,37,22,21,28,16,36,24,61,40,56,79,54,73,100,42,170,32,85,130,110,190,360,96,130
ACOAD4f_reverse,b0221,7.7,6.5,9.2,12,14,17,51,37,22,21,28,16,36,24,61,40,56,79,54,73,100,42,170,32,85,130,110,190,360,96,130
ACOAD5f_reverse,b0221,7.7,6.5,9.2,12,14,17,51,37,22,21,28,16,36,24,61,40,56,79,54,73,100,42,170,32,85,130,110,190,360,96,130
ACOAD6f_reverse,b0221,6.1,5,7.2,9.7,11,13,40,29,17,16,22,12,28,19,48,31,44,62,42,57,81,33,130,25,67,98,83,150,280,75,100
ACOAD7f_reverse,b0221,2.8,2.3,3.3,4.4,5,6.1,18,13,7.8,7.5,10,5.6,13,8.7,22,14,20,28,19,26,37,15,62,11,31,45,38,67,130,34,47
ACODA,b3957,4.7,1.9,4,15,8.7,16,3.6,19,7,23,12,8.8,21,6.1,13,24,9.6,10,10,26,7.4,8.6,13,8.4,25,8.2,4.8,6.3,6.1,8.6,7.3
ADCL,b1096,,0.11,0.15,,,,0.59,,0.49,,,0.32,,0.56,,,1.4,1.2,0.62,,,,,0.67,,,0.98,1.1,1.2,,1.4
ADK1,b0474,4.8,7.3,12,6.9,6.9,7.7,15,8.4,12,9.8,12,20,12,14,17,14,17,14,23,16,24,22,18,31,15,24,16,23,26,31,30
ADNK1,b0474,0,0,0,0,0,0,0,0,0,0,0,0.01,0,0,0,0,0,0,0.01,0,0.01,0.01,0,0.01,0,0.01,0,0.01,0.01,0.01,0.01
ADSK,b2750,,12,18,18,,19,14,18,10,17,,20,19,14,,18,15,17,17,22,16,22,,21,21,20,22,14,15,22,19
ADSL1r,b1131,1.3,2.8,4.2,2.1,2.5,2.2,5.2,2.4,8,2.7,3.1,6.3,2.9,5.5,3.6,3.2,6.3,4.8,6.5,3.2,6.8,6.8,3.6,6.1,3.2,6,9.2,7,10,6.4,7.3
ADSL2r,b1131,2,4.2,6.2,3.1,3.7,3.3,7.8,3.5,12,4,4.7,9.5,4.4,8.2,5.5,4.8,9.4,7.2,9.8,4.7,10,10,5.5,9.1,4.8,9,14,11,15,9.6,11
ADSS,b4177,0.28,0.41,0.72,0.44,0.52,0.45,0.99,0.54,0.95,0.62,0.91,1,0.73,1.3,1.2,0.81,1.6,1.7,1.7,0.9,1.6,2.2,1.4,1.3,1.1,1.6,1.9,2,2,2.4,3.3
AGPAT160,b3018,,11,14,,,73,34,,49,,,21,,38,,140,72,69,37,,55,59,,28,,42,77,67,77,51,75
AGPAT161,b3018,,12,17,,,86,40,,57,,,25,,45,,160,85,81,43,,64,70,,33,,49,91,80,91,60,89
AGPR_reverse,b3958,10,3.2,5.5,7.1,22,9.2,5.8,12,6.8,8.9,24,11,12,7.6,12,11,9.3,8.9,10,11,8.1,11,24,9.6,13,8,9.5,7.8,8,10,8.4
AHCYSNS,b0159,0.01,0,0,0.01,0.01,0.01,0,0.01,0.01,0.02,0.01,0.01,0.02,0.01,0.02,0.02,0.01,0.01,0.01,0.03,0.01,0.01,0.02,0.01,0.03,0.01,0,0.01,0.01,0.01,0.01
AICART,b4006,6.8,4.1,6.2,5.3,10,5.5,6.3,6.1,9.1,6.7,10,9.9,7.1,5.8,10,6.9,7.5,7.8,8.5,6.8,7.8,10,10,8.9,6.7,9.2,9.7,9,9.4,10,9
AIRC2,b0522,10,60,86,110,,,56,,94,140,,130,,58,23,150,95,62,91,150,93,60,,120,150,66,69,90,83,75,72
AIRC3_reverse,b0523,2.3,2.4,4.1,8.6,2.8,8.8,3.4,9.5,3.3,11,3.7,6.9,12,5.4,4.1,13,6.4,5.7,6.4,13,8,6.8,3.8,8.9,11,6.9,4.8,5.6,6.2,8.4,6.1
AMAOTr,b0774,,0,0,,,,0,,0,0,,0,,0,,0,0,0,0,0,0,0,,0,0,0,0,0,0,0,0
AMPMS2,b3994,0,,,0,0,0.01,,0.01,,0.01,0,,0.01,,0,0.01,,,,0.01,,,0.01,,0.01,,,,,,
ANPRT,b1263,1.6,0.55,0.85,2.3,3.5,2.4,1.4,2.9,2.1,3.2,5,1.5,3.6,1.6,3.9,3.7,2.6,2.9,1.9,3.7,1.8,2.4,4.8,1.5,3.9,3.6,3.9,2.5,4.2,2.3,2.2
AOXSr2,b0776,,0,0,,,,0,,0,,,0,,0,,,0,0,0,,0,0,,0,,0,0,0,0,0,0
APRAUR,b0414,0.05,0.05,0.07,,0.12,,0.06,,0.08,,0.16,0.12,,0.07,0.31,,0.09,0.09,0.08,,0.09,0.12,0.32,0.12,,0.12,0.1,0.1,0.09,0.17,0.14
ARGSL,b3960,7.7,2.5,4.2,6.4,9.1,5.3,4.6,6.9,4.6,6.9,10,7.3,6.3,6.1,11,6.6,6.2,7.2,6.2,7.5,5.6,6.9,8.1,7.2,6.9,6.5,6.9,4.7,6,7.8,4.8
ARGSS,b3172,1.1,0.83,1.4,1,1.6,1,1.6,1.1,2.4,1.1,1.5,2.8,1.2,2.4,1.4,1.1,2.7,2.4,2.4,1.1,2.4,2.6,1.3,2.6,1,2.6,2.6,1.6,2.4,2.7,1.9
ASAD_reverse,b3433,1.2,2.6,3.4,2.8,1.7,2.8,3.6,3.2,2.4,3.5,2.3,5,3.9,3.6,2.5,4.1,5.3,5.4,5.7,4,4.1,6.3,2.5,5,3.9,4.4,3.8,3.5,3.4,5.3,4.8
ASNS2,b3744,,8.2,8,12,,13,11,12,8.6,13,,9.7,13,6.5,,12,12,13,11,14,9.9,10,,8.5,13,11,11,6.2,14,10,19
ASP1DC,b0131,,0.04,0.04,0.01,,0.01,0.04,0.01,0.04,0.02,,0.06,0.02,0.04,,0.02,0.05,0.06,0.05,0.02,0.05,0.07,,0.07,0.02,0.05,0.06,0.04,0.05,0.06,0.04
ASPO6,b2574,,,2.4,,,,,,,,,3.1,,2.2,,,,4.2,4.2,,3.7,3.5,,3.4,,4,3.3,3.5,2.8,3.3,3.4
ASPTA_reverse,b0928,3.7,5.9,7.7,2.9,4.8,2.9,6.9,3.4,7.1,4.1,6.5,10,5,9.8,11,6.4,10,9.2,11,7.6,12,12,14,14,8.7,12,16,19,15,17,21
ATPPRT,b2019,0.6,0.55,0.72,0.78,0.76,0.76,0.89,0.95,1.8,1.1,0.91,1.3,1.1,1.5,1.2,1.2,1.7,1.5,1.9,1.3,1.2,1.3,1.1,1.8,1.4,1.4,2.1,1.1,2.2,1.7,1.6
BMOCOS,b0827,0,0,0.01,0.01,0.01,0.01,0,0.01,0.01,0.01,0.01,0.01,0.01,0.01,0.01,0.01,0.01,0.01,0.01,0.02,0.01,0.01,0.01,0.01,0.02,0.01,0.01,0.01,0.01,0.02,0.01
BPNT,b4214,1.1,1.6,3.9,5.9,2.9,7.2,3.6,10,5.7,9.6,6.5,9.1,12,8.2,8.9,20,8.3,11,7.7,21,9.9,9.2,13,15,22,15,8.8,12,8.3,18,12
BTS5,b0775,,0,0,,,0,0,,0,0,,0,0,0,,0,0,0,0,0,0,0,,0,0,0,0,0,0,0,0
CDPMEK,b1208,,0.16,0.24,0.35,,,0.32,,0.29,,,0.43,,0.35,,,0.37,0.44,0.46,,0.37,0.52,,0.59,,1.3,0.67,0.58,0.57,0.8,0.59
CHORS,b2329,5.6,5.7,8.7,18,11,17,9.9,22,14,25,14,14,27,16,31,33,17,18,20,37,19,22,25,20,42,19,18,22,28,26,27
CHRPL,b4039,,0.02,0.02,,,,0.05,,0.04,,,0.04,,0.06,,,0.04,0.06,0.05,,0.05,0.07,,0.06,,0.09,0.09,0.07,0.11,0.12,0.23
CPPPGO,b2436,,0.09,0.16,,,,0.17,,0.12,,,0.11,,0.14,,,0.12,0.25,0.15,,0.22,,,0.19,,,0.13,0.09,0.11,,0.09
CS,b0720,5.2,1.7,2.5,2.5,6.3,2.5,4.8,2.9,3,3.9,10,4.5,5,5.4,15,5.8,2.6,8.2,7.5,6.7,6.7,6,29,5.8,9.3,12,18,23,24,13,17
CTECOAI7_reverse,b3846,0.48,0.47,0.79,1.1,0.94,1.1,2,1.5,4.7,1.7,2.4,2.1,2.2,4,8.5,2.8,4.8,5.1,7.2,3.4,18,4.2,27,6.5,4.4,22,31,40,51,24,55
CTPS2,b2780,2.3,3.8,5.3,2.7,3.6,2.8,5.3,2.8,7.8,3.1,4.1,8.3,3.3,7.1,4.7,3.4,7.1,6.7,8.4,3.5,7.3,9.4,5.2,8.4,3.6,8.8,11,7.6,11,9.3,11
CYTK1,b0910,2.7,2.4,4.6,10,5.7,10,4.4,13,6.4,15,10,9,20,7.6,13,21,8.7,8.7,9.3,24,8.6,9.5,14,12,24,9.8,6.6,8.7,10,13,9.7
DALAt2pp,b4208,0.14,0.11,0.21,0.23,0.22,0.23,0.83,0.3,0.69,0.47,0.51,0.37,0.55,0.85,0.87,0.82,0.75,0.94,1.1,1.2,1.5,1.2,,0.7,1.9,1.9,4.2,3.5,3.4,2.3,3.3
DAPDC,b2838,18,11,12,,26,,14,,18,39,33,15,,17,40,,16,15,22,,17,24,40,17,,19,21,21,21,19,27
DAPE,b3809,8.8,18,28,,16,,37,,33,,25,84,,56,36,,43,51,42,,54,,46,55,,,70,47,60,,64
DASYN160,b0175,,7,12,,,,15,,42,,,24,,39,,,47,27,35,,55,27,,42,,29,39,66,42,26,43
DASYN161,b0175,,8.3,14,,,,18,,49,,,28,,46,,,55,32,42,,64,32,,49,,34,46,78,50,31,50
DB4PS,b3041,0.04,0.06,0.06,0.12,,,0.05,,0.07,0.16,0.07,0.14,,0.05,0.09,0.22,0.08,0.13,0.07,,0.05,0.13,0.12,0.12,0.34,0.11,0.1,0.11,0.11,0.17,0.18
DBTS,b0778,0,0,0,0,,0,0,0,0,0,0,0,0,0,0,0,0,0,0,0,0,0,0,0,0,0,0,0,0,0,0
DHAD1,b3771,210,20,26,46,300,47,31,50,33,61,240,40,64,24,420,69,38,38,32,72,42,37,300,39,71,25,18,33,39,38,41
DHAD2,b3771,71,6.6,8.7,15,99,16,10,17,11,20,80,13,21,8.1,140,23,13,13,11,24,14,12,99,13,24,8.3,5.9,11,13,13,14
DHDPRy,b0031,3.8,2.7,4.4,7.5,6.4,9.2,5.5,11,4.4,12,9.6,7.9,13,6.2,13,14,8.9,10,7.5,13,7.2,8.2,9.2,9.4,12,7.7,5.9,5.5,4.8,8.6,4.9
DHDPS,b2478,2.7,1.9,2.2,3.8,4.1,4,2.5,4.4,3.1,5.4,5.2,3.7,5.4,3.1,6.7,6.6,3.6,2.9,3.6,7.4,3.3,3.5,11,4.5,8.4,3.2,3.2,4.7,3.8,4,4.7
DHFS,b2315,,0.04,0.05,0.12,,0.11,0.08,0.13,0.07,0.14,,0.09,0.15,0.08,,0.21,0.08,0.09,0.08,0.2,0.08,0.11,,0.11,0.23,0.13,0.11,0.08,0.1,0.13,0.12
DHNPA2r,b3058,,0.08,0.08,,,,0.14,0.09,0.14,0.1,,0.14,,0.28,,,0.2,0.3,0.62,,0.14,,,0.21,,0.24,0.2,1.7,0.52,0.31,0.74
DHORD2,b0945,17,8.8,12,17,19,17,8.9,16,10,15,18,15,15,13,20,14,10,9.8,12,13,11,17,17,13,12,15,13,9.7,14,15,16
DHORTS_reverse,b1062,1.8,1.8,2.6,1.9,3,1.9,1.7,2.1,2.6,2.5,4.5,3.4,2.9,2.5,5.1,3.3,2.4,2.3,3.3,3.5,3.2,3.4,6.8,3.6,3.5,3.5,2.5,3.4,3.3,4.1,4
DHPPDA2,b0414,0.05,0.05,0.07,,0.12,,0.06,,0.08,,0.16,0.12,,0.07,0.31,,0.09,0.09,0.08,,0.09,0.12,0.32,0.12,,0.12,0.1,0.1,0.09,0.17,0.14
DHPS2,b3177,,0.08,0.1,0.1,,0.1,0.1,0.11,0.09,0.12,,0.13,,0.12,,0.14,0.11,0.11,0.12,,0.14,0.17,,0.14,0.16,0.14,0.11,0.14,0.15,0.2,0.17
DHQS,b3389,4.9,14,20,10,9,10,25,14,34,16,14,39,21,39,24,23,51,48,53,29,52,51,30,67,34,58,49,57,58,78,51
DHQTi,b1693,11,9,14,14,18,14,13,17,17,21,32,24,26,17,52,33,24,23,18,43,22,23,59,32,47,20,18,20,16,26,20
DMATT,b0421,0.01,,,0.04,0.02,0.04,,0.06,,0.06,0.03,,0.08,,0.04,0.09,,,,0.11,,,0.06,,0.12,,,,,,
DMPPS,b0029,0.01,0.03,0.04,0.02,0.02,,0.05,,0.04,,0.03,0.05,,0.04,0.03,0.04,0.05,0.07,0.07,0.05,0.05,0.07,0.04,0.07,0.06,0.08,0.11,0.06,0.1,0.08,0.1
DPCOAK,b0103,,0.08,0.15,,,,0.27,,0.17,,,0.28,,0.25,,,0.29,0.52,0.42,,0.48,0.48,,0.39,,0.46,0.27,0.37,0.37,0.64,0.56
DTMPK,b1098,2.9,2.7,4.2,,5.6,,8.5,,5.5,,8.4,8.7,,5.8,11,,7.4,12,6.2,,8.1,10,12,8.3,,8.9,10,5.8,15,18,12
DXPRIi,b0173,,1,0.08,,,,2.2,,1.4,,,1.1,,0.92,,,1.5,1.4,1.6,,1.4,,,1.8,,,3.3,1.5,2.1,,1.2
DXPS,b0420,0.16,0.07,0.12,0.23,0.3,0.25,0.2,0.3,0.26,0.32,0.49,0.22,0.42,0.25,0.79,0.5,0.26,0.28,0.3,0.51,0.32,0.33,1.1,0.32,0.72,0.55,0.8,0.43,1,0.51,0.62
EGMEACPR,b1288,0,0,0,0,0,0,0,0,0,0,0,0,0,0,0,0,0,0,0,0,0,0,0,0,0,0,0,0,0,0,0
ENO,b2779,5.7,7.5,13,9.7,12,9.9,9.8,12,16,14,18,23,15,11,22,17,17,14,17,16,18,20,22,24,18,14,15,19,16,15,22
EPMEACPR,b1288,0,0,0,0,0,0,0,0,0,0,0,0,0,0,0,0,0,0,0,0,0,0,0,0,0,0,0,0,0,0,0
FACOAE120,b0452,2,3.1,5.7,,4.6,9.5,6.5,9.8,7.8,,8.3,12,15,8.8,12,,13,13,16,,14,12,13,17,22,12,12,15,14,17,16
FACOAE160,b0452,3.2,5,9.3,,7.5,16,11,16,13,,14,20,24,14,19,,21,22,27,,22,20,22,28,36,19,19,24,23,27,26
FACOAE161,b0452,3.8,5.9,11,,8.9,18,13,19,15,,16,23,29,17,22,,25,26,32,,26,24,26,33,43,23,22,29,28,32,31
FADRx,b3844,61,27,41,100,99,110,48,120,66,150,150,78,170,80,210,200,86,79,89,250,100,100,260,100,300,120,91,150,120,140,160
FBA3,b2925,0.45,0.76,1.4,1.3,1.3,1.5,1.5,1.8,1.9,2.2,2.1,2.8,2.6,2.4,2.7,3,1.3,2.1,2.8,3.3,,3.8,2.7,3.2,3.7,2.9,2.1,2.7,2.6,2.6,4
FMNAT,b0025,,0.02,0.02,,,0,0.03,,0.04,,,0.05,,0.04,,,0.05,0.06,0.05,0.01,0.05,0.07,,0.05,0.01,0.06,0.09,0.06,0.08,0.07,0.07
G1PACT,b3730,3.1,2.8,3.8,9.7,5.2,10,5.8,9.2,6.8,13,6.5,6.5,13,7.4,7.9,16,9.1,8.2,11,14,7.6,10,8.1,7,16,7.5,8.8,11,11,9.4,10
G1SAT,b0154,0.02,0.02,0.03,0.04,0.03,0.04,0.03,0.05,0.04,0.06,0.05,0.05,0.07,0.05,0.06,0.08,0.05,0.05,0.05,0.09,0.05,0.06,0.06,0.06,0.09,0.06,0.06,0.06,0.07,0.07,0.06
G3PD2_reverse,b3608,2.3,3.2,5.8,3.9,5.7,3.9,12,,8.6,6.7,10,11,7.4,12,15,9.1,12,17,15,11,,17,20,16,13,22,17,19,18,34,29
G5SD,b0243,1.8,1.8,3.2,3.4,3.1,3.6,3.8,4.3,6.1,5.6,5.9,6,7.2,7.6,9.4,8.5,8.8,8.4,9.4,10,8,9.5,14,8.8,12,9,10,11,10,11,9.1
G6PDH2r,b1852,14,22,49,35,33,36,51,45,120,58,57,110,68,120,82,82,86,110,120,93,38,140,100,150,110,100,140,150,140,150,120
GAPD,b1779,7.3,9.1,14,6.6,9.4,7.1,17,8.3,17,9.4,13,19,10,13,14,11,18,16,19,11,16,22,25,19,12,18,29,16,22,14,18
GARFT,b2500,20,21,33,,39,,29,67,36,73,46,51,110,35,68,110,45,52,39,100,53,58,63,72,100,53,34,44,48,63,57
GART,b1849,0.04,0.03,0.04,0.07,0.09,0.08,0.03,0.08,0.06,0.1,0.12,0.06,0.11,0.03,0.1,0.11,0.06,0.06,0.05,0.1,,0.06,0.12,0.06,0.1,0.07,0.06,0.05,0.08,0.1,0.06
GCALDD,b1415,0,0,0,0,,0,0,0,0,0,,0,0,0,,0,0,0,0,0,0,0,,0,0,0,0.02,0.01,0.02,0,0.02
GF6PTA,b3729,0.52,0.43,0.67,1,0.89,1,0.71,1.2,1.1,1.4,1.2,1,1.6,0.93,1.7,1.9,0.95,0.89,,2,0.9,1.3,1.5,1.2,2.2,0.99,1.8,1.1,1.7,1.2,1
GHMT2r,b2551,1.1,1.4,1.9,1.5,1.7,1.6,1.4,1.8,2.3,2.1,2.7,2.8,2.4,2,2.7,2.7,2.4,2.1,2.2,2.9,2.7,2.4,3.2,3.1,3,2.2,1.9,2.1,2.3,2.8,3.1
GK1,b3648,9.2,11,17,17,20,22,14,26,24,35,28,28,36,29,34,38,26,28,30,40,28,30,31,34,42,24,20,25,23,35,26
GLU5K,b0242,3.6,3.4,5.4,5.3,6.2,5.4,9.1,6.9,9.7,8,10,9.1,10,10,15,11,14,14,15,13,14,12,18,13,14,13,25,15,20,17,15
GLUDy_reverse,b1761,26,21,24,24,22,26,56,26,45,30,32,34,35,63,34,37,81,76,56,41,71,69,52,39,47,67,73,61,73,73,190
GLUPRT,b2312,15,17,24,24,38,23,30,25,30,25,39,34,30,25,30,28,40,35,33,25,39,35,39,36,27,49,50,26,61,38,32
GLUR_reverse,b3967,,3.7,5.9,,,,8.8,,8.4,,,8.4,,12,,,12,17,14,,19,16,,13,,14,15,19,15,21,16
GLUTRS,b2400,0.01,0.03,0.04,0.03,0.02,0.03,0.05,0.03,0.05,0.04,0.03,0.07,0.05,0.06,0.04,0.05,0.06,0.07,0.07,0.05,0.06,0.08,0.05,0.08,0.06,0.07,0.06,0.06,0.08,0.09,0.08
GMPS2,b2507,1.1,1.9,2.5,2.3,1.7,2.3,3,2.2,3.3,2.5,1.9,3.8,2.7,4.1,2.3,2.8,3.4,3.1,3.2,2.8,3.6,5,2,3.8,2.7,3.9,3.5,2.9,3.8,4.3,4
GND,b2029,4,6.7,11,6,7.8,6.5,13,7.5,14,8.3,9.7,18,8.9,17,12,9.6,11,12,16,9.7,5.4,19,11,19,9.7,14,17,14,15,22,14
GRTT,b0421,0.01,,,0.04,0.02,0.04,,0.06,,0.06,0.03,,0.08,,0.04,0.09,,,,0.11,,,0.06,,0.12,,,,,,
GTPCI,b2153,0,0,0,0,0,0,0,0,0,0,0.01,0,0.01,0,0.01,0.01,0,0,0,0.01,0,0.01,0.01,0,0.01,0,0,0,0,0,0.01
GTPCII2,b1277,,0.03,0.04,,,0.06,0.05,0.06,0.04,0.08,,0.07,0.08,0.05,,0.09,0.05,0.08,0.05,0.12,0.06,0.08,,0.08,0.12,0.08,0.06,0.07,0.05,0.09,0.09
HCO3E,b0126,1.2,3.1,4.7,2.6,2.1,2.8,4,3.2,4.7,4.1,3.5,7.9,5.2,5.7,4.1,5.8,7.2,7.1,6.9,6.6,7,7.4,5.3,9.1,7.2,6.5,3.5,6.6,3.3,8.5,6
HISTD,b2020,1.1,0.55,0.73,1.5,1.9,1.6,1.1,1.8,1.7,2.2,2.3,1.5,2.3,1.5,2.7,2.6,1.9,2.2,1.8,2.8,1.3,1.7,3.1,2.1,3,1.9,1.7,1.2,2,2.6,1.2
HISTP,b2022,0.75,0.62,0.82,1.4,1.3,1.5,1.1,1.7,2.1,1.9,1.6,1.7,2,1.8,1.6,2.2,2,2,2.4,2.5,1.4,1.7,1.9,2.2,2.5,2.5,3.3,1.5,3.8,2.6,2.2
HMBS,b3805,,0.02,0.03,,,,0.04,,0.06,,,0.06,,0.06,,,0.07,0.07,0.07,,0.04,0.08,,0.1,,0.1,0.09,0.09,0.09,0.13,0.1
HPPK2,b0142,,0.02,0.03,,,,0.08,,0.08,,,0.06,,0.1,,,0.09,0.12,0.09,,0.14,,,0.08,,,0.15,0.14,0.14,,0.16
HSK,b0003,21,23,36,13,32,13,28,14,27,15,39,61,14,18,32,15,35,43,26,16,42,81,38,62,16,20,15,42,33,41,51
HSST,b4013,1.7,1.9,3,3,2.6,3.1,2.9,3.7,6,5.2,3.8,5.1,6.2,5.3,5.1,7.6,6.4,4.3,6.2,7.8,5.7,5.4,5.6,6.4,8,3.9,4.6,2.6,3.3,6.5,5.8
HSTPT,b2021,0.85,0.77,0.96,0.93,1.4,1,1,1.2,2.8,1.4,1.7,2,1.5,2.6,2,1.6,3,2.7,2.5,1.8,2,2.4,2,2.4,2,2.7,2.8,2,2.8,3.3,2.2
I4FE4SR,b2529,0,0,0,0,0,0,0,0,0,0,0,0,0,0,0,0,0,0,0,0,0,0,0,0,0,0,0,0,0,0,0
ICDHyr,b1136,3.7,2.9,3,2.1,3.9,2.2,4,2.4,3.4,2.8,5.1,4.4,3.4,3.7,7.7,4.2,1.6,5.6,5.2,5.1,4.8,5.1,9.7,6,6.1,6.4,5.5,6.5,8.7,11,8.7
ICYSDS,b2530,0,0,0,0,0,0,0,0,0,0,0.01,0.01,0.01,0.01,0.01,0.01,0.01,0.01,0.01,0.01,0.01,0.01,0.01,0.01,0.01,0,0.01,0.01,0.01,0.01,0.01
IGPDH,b2022,0.75,0.62,0.82,1.4,1.3,1.5,1.1,1.7,2.1,1.9,1.6,1.7,2,1.8,1.6,2.2,2,2,2.4,2.5,1.4,1.7,1.9,2.2,2.5,2.5,3.3,1.5,3.8,2.6,2.2
IGPS,b1262,0.72,1.1,1.8,1.2,1.3,1.3,1.9,1.5,3.2,1.8,1.9,2.8,2,2.4,2.1,2.1,3.6,3.8,3.2,2.2,3.2,4,2.1,3.7,2.2,4.9,4.5,3.2,5,3.7,3.6
ILETA_reverse,b3770,2.3,2.3,3.6,3,2.6,2.9,4,3.6,4.4,3.5,3.2,4.7,3.6,4.1,2.9,4.1,5,4.6,5.3,4.2,5.2,6.1,4,4.6,3.8,3.1,2.4,5.1,4.2,5.2,6
IMPC_reverse,b4006,6.8,4.1,6.2,5.3,10,5.5,6.3,6.1,9.1,6.7,10,9.9,7.1,5.8,10,6.9,7.5,7.8,8.5,6.8,7.8,10,10,8.9,6.7,9.2,9.7,9,9.4,10,9
IMPD,b2508,0.53,0.61,1,1.4,0.85,1.5,1.2,1.4,1.1,1.5,1.1,1.4,1.6,1.5,1.2,1.7,1.2,1.1,1.4,1.7,1.5,1.8,1.2,1.3,1.7,1.2,0.79,0.99,1.1,1.7,1.7
IPDPS,b0029,0.07,0.21,0.29,0.16,0.13,,0.36,,0.34,,0.19,0.4,,0.32,0.25,0.33,0.4,0.49,0.52,0.41,0.35,0.5,0.31,0.55,0.43,0.58,0.86,0.43,0.77,0.59,0.76
IPMD,b0073,0.69,0.41,0.82,1.1,0.94,1.1,0.93,1.3,1.2,1.7,1.6,1.7,2,4.2,2.8,2.7,3,3.2,3.5,3,3.1,3.6,3.8,3.1,3.7,2.8,1.6,4.5,4.9,4.8,3.9
IPPS,b0074,0.54,0.56,1.4,0.94,0.86,0.95,1.7,1.2,2,1.4,1.7,2.7,1.9,5.9,3,2.3,4.5,4.1,4.7,2.9,4.6,4.6,4.7,4.5,3.6,3.6,3,7.6,10,6.3,5.2
K2L4Aabcpp,b0914,1.7,0.96,1.6,4.1,3.3,4.1,4.5,4.9,4.5,5.4,5.4,3,6.8,4.6,7,7.8,6.3,6.1,4.1,7.3,5.7,5.2,11,4.8,8.5,5.9,9.3,5.8,12,6,16
KARA1_reverse,b3774,0.62,0.81,0.87,0.43,0.97,0.46,1,0.53,1.1,0.61,1.3,1.1,0.72,1.7,1.6,0.82,1.3,1.1,1.4,0.91,1,1.3,1.6,1.2,1,1.3,0.89,1.2,2.3,1.3,1.4
KARA2,b3774,0.2,0.27,0.29,0.14,0.32,0.15,0.34,0.17,0.35,0.2,0.42,0.38,0.24,0.57,0.52,0.27,0.43,0.37,0.46,0.3,0.34,0.42,0.54,0.4,0.34,0.42,0.3,0.4,0.75,0.43,0.46
KDOCT2,b0918,0.66,1.3,2.3,1.8,1.2,1.7,1.9,2.1,2.6,2.1,1.6,3.6,2.8,2.4,2.1,3.3,3.2,2.6,3,3.1,3.3,4,2.3,4.2,3,3.8,2.9,3.2,3,3.8,3.8
KDOPP,b3198,0.78,2,2.8,,1.2,2.3,2.2,2.5,4.2,3.2,1.7,6.1,3.7,6.4,2.3,4.8,6.4,4.4,8.1,4.8,7,7.6,3.9,6.8,5.5,5,4.8,8.7,6.4,7.7,10
KDOPS,b1215,0.1,0.15,0.22,0.14,0.19,0.14,0.27,0.16,0.28,0.2,0.27,0.34,0.23,0.43,0.36,0.27,0.39,0.51,0.46,0.31,0.42,0.65,0.43,0.43,0.36,0.56,0.47,0.67,0.69,0.72,0.5
LPADSS,b0182,0.18,3.9,7.4,,,,11,,16,,0.74,17,,16,1.2,,20,30,22,,22,37,1.7,25,,33,41,29,52,34,50
MDH,b3236,1.6,1,1.4,1,2.1,1,1.7,1.1,0.85,1.4,2.9,2,1.6,2.1,3.9,1.8,1.9,3.5,2.5,2,1.8,1.9,7.2,2.5,2.4,2.9,3.3,4.1,6.8,3.3,4.1
MECDPS,b2746,,0.02,0.03,0.03,,0.03,0.03,0.04,0.04,0.05,,0.05,0.05,0.05,,0.07,0.06,0.04,0.07,0.08,0.05,0.05,,0.06,0.08,0.06,0.06,0.07,0.08,0.08,0.09
MEPCT,b2747,,0.38,0.56,,,,1.3,,0.97,,,0.95,,1.2,,,1.2,2.6,1.6,,1.6,2.9,,1.2,,1.9,1.3,1.6,1.5,3.1,3.6
METAT,b2942,0,0,0,0,0,0,0,0,0,0,0,0,0,0,0,0,0.01,0,0,0,0,0,0.01,0,0,0,0,0,0,0.01,0
METS,b3829,0.15,0.23,0.21,0.13,0.16,0.14,0.21,0.13,0.17,0.12,0.14,0.27,0.11,0.23,0.12,0.11,0.23,0.25,0.21,0.11,0.18,0.2,0.18,0.21,0.11,0.2,0.22,0.14,0.31,0.21,0.26
MOAT,b3633,,5.3,8,,,,24,,20,,,13,,17,,,21,23,18,,18,44,,12,,59,,29,,37,23
MOAT2,b3633,,5.3,8,,,,24,,20,,,13,,17,,,21,23,18,,18,44,,12,,59,,29,,37,23
MOCOS,b0827,0,0,0.01,0.01,0.01,0.01,0,0.01,0.01,0.01,0.01,0.01,0.01,0.01,0.01,0.01,0.01,0.01,0.01,0.02,0.01,0.01,0.01,0.01,0.02,0.01,0.01,0.01,0.01,0.02,0.01
MOHMT,b0134,0,0,0,0,0,0,0.01,0.01,0,0.01,0,0.01,0.01,0.01,0.01,0.01,0.01,0.01,0.01,0.01,0.01,0.01,0.01,0.01,0.01,0.01,0.01,0.01,0.01,0.01,0.01
MPTAT,b0009,0.01,0.08,0.11,,0.02,0.03,0.3,0.04,0.1,,0.03,0.21,,0.14,0.04,,0.11,0.42,0.13,,0.19,0.36,0.06,0.27,0.09,,,0.24,,0.68,
MPTSS,b0826,,0.09,,,,,0.25,,0.14,,,0.17,,0.31,,,0.6,0.28,0.28,,0.48,,,0.36,,,,0.24,1.7,,0.72
MTHFC,b0529,17,8.8,14,38,28,38,14,42,15,50,37,21,55,20,43,62,21,22,18,69,21,26,53,26,66,21,17,24,18,30,24
MTHFD,b0529,17,8.8,14,38,28,38,14,42,15,50,37,21,55,20,43,62,21,22,18,69,21,26,53,26,66,21,17,24,18,30,24
MTHFR2,b3941,1.3,1.1,1.4,2,1.8,2.1,1.1,2.1,1.3,2.2,1.8,2.7,2.4,2.2,1.8,2.2,2.2,2.1,2.1,2.3,1.6,2,2.2,2.3,2.5,1.7,2.1,1.6,1.7,1.9,2.2
NADK,b2615,0.03,,,,0.05,,,,,,0.1,,,,0.15,,,,,,,,0.2,,,,,1.1,,,
NADS1,b1740,0.01,0.01,0.01,0.02,0.02,0.02,0.01,0.03,0.02,0.03,0.03,0.03,0.04,0.03,0.04,0.04,0.03,0.03,0.03,0.05,0.03,0.03,0.04,0.03,0.05,0.03,0.02,0.03,0.03,0.04,0.04
NI2tpp,b3816,0,0,0.01,0.03,0.01,0.02,0.02,0.03,0.03,0.04,0.03,0.02,0.05,0.03,0.06,0.07,0.04,0.05,0.03,0.08,0.03,0.03,0.06,0.02,0.08,0.08,0.09,0.05,0.1,0.06,0.05
NNATr,b0639,,1.1,1.9,,,,1.2,,1.7,,,3.1,,2.9,,,2.2,2.4,3.3,,2.9,2.2,,4.2,,1.9,2.1,2.6,2.1,2.5,2.6
NNDPR,b0109,0.04,0.05,0.08,0.16,0.07,0.16,0.07,0.19,0.11,0.23,0.11,0.13,0.29,0.11,0.17,0.34,0.14,0.13,0.16,0.38,0.14,0.13,0.19,0.2,0.46,0.12,0.19,0.16,0.18,0.18,0.26
OCTDPS,b3187,0.01,0.03,0.05,,0.01,0.04,0.11,,0.07,0.04,0.01,0.09,0.05,0.08,0.02,,0.09,0.14,0.09,0.08,0.13,0.14,0.02,0.15,0.08,0.19,0.29,0.12,0.25,0.22,0.3
OGMEACPD,b0180,0,0,0,0,0,0,0,0,0,0,0,0,0,0,0,0,0,0,0,0,0,0,0,0,0,0,0,0,0,0,0
OGMEACPR,b1093,0,0,0,0,0,0,0,0,0,0,0,0,0,0,0,0,0,0,0,0,0,0,0,0,0,0,0,0,0,0,0
OGMEACPS,b1091,0,0,0,0,0,0,0,0,0,0,0,0,0,0,0,0,0,0,0,0,0,0,0,0,0,0,0,0,0,0,0
OHPBAT,b0907,0,0,0,0,0,0,0,0,0,0,0,0,0,0,0,0,0,0,0,0,0,0,0,0,0,0,0,0,0,0,0
OMPDC,b1281,12,7.3,12,17,17,17,6.7,17,11,20,19,16,23,9.6,24,24,9.5,8.3,9.3,24,9.1,12,21,15,22,10,7.5,10,10,12,11
OPHHX,b3835,0.01,,,,0.02,,,,,,0.03,,,,0.05,,,,,,,,0.06,,,,,,,,
OPMEACPD,b0180,0,0,0,0,0,0,0,0,0,0,0,0,0,0,0,0,0,0,0,0,0,0,0,0,0,0,0,0,0,0,0
OPMEACPR,b1093,0,0,0,0,0,0,0,0,0,0,0,0,0,0,0,0,0,0,0,0,0,0,0,0,0,0,0,0,0,0,0
OPMEACPS,b2323,0,0,0,0,0,0,0,0,0,0,0,0,0,0,0,0,0,0,0,0,0,0,0,0,0,0,0,0,0,0,0
P5CR,b0386,1.1,1.8,3.6,2.4,2.6,2.5,5.2,3.3,9,3.9,5.3,7.2,5,15,7.7,6.2,12,17,14,7.3,17,20,9.8,12,8.5,17,13,18,19,32,18
PANTS,b0133,0,0,0.01,0,0.01,0,0.01,0.01,0.01,0.01,0.01,0.01,0.01,0.01,0.02,0.01,0.01,0.02,0.02,0.01,0.02,0.02,0.02,0.02,0.01,0.02,0.02,0.02,0.02,0.02,0.02
PAPPT3,b0087,,9.2,15,,,,29,,29,,,26,,23,,,34,,40,,38,,,30,,49,65,63,47,70,38
PDX5POi,b1638,0,,,,,,0.02,,,,,,,0.02,,,0.02,0.02,,0.01,0.03,0.03,0.01,,,,0.02,0.03,0.03,0.03,0.03
PE160abcpp,b0914,4,2.3,3.9,9.6,7.7,9.6,11,12,11,13,13,7,16,11,17,18,15,14,9.7,17,13,12,25,11,20,14,22,14,29,14,37
PE161abcpp,b0914,1.9,1,1.8,4.4,3.5,4.4,4.9,5.3,4.9,5.9,5.8,3.2,7.4,5,7.6,8.5,6.8,6.6,4.4,7.9,6.2,5.6,11,5.1,9.2,6.4,10,6.3,13,6.5,17
PERD,b2320,0,0,0.01,0.01,0,0.01,0.01,0.01,0.01,0.01,0.01,0.01,0.01,0.01,0.01,0.01,0.01,0.01,0.01,0.01,0.01,0.01,0.01,0.01,0.02,0.01,0.01,0.01,0.01,0.01,0.02
PFK,b3916,22,47,77,35,41,35,81,42,140,48,53,140,51,110,71,58,100,120,170,65,,210,84,150,74,160,210,180,220,,280
PFK_3,b3916,2.8,6.6,13,6.2,7.1,6.2,15,7.7,26,9.2,10,28,10,41,14,12,18,32,35,13,,42,17,31,15,32,43,38,47,32,58
PGAMT_reverse,b3176,0.6,0.53,0.91,1.2,1.1,1.3,1.6,1.6,2.5,1.7,1.6,1.7,1.9,2.3,2.3,2.3,2.8,3.1,2.5,2.6,2.9,2.7,2.9,2.4,2.9,3,3.6,4,3.6,3.5,3.2
PGCD,b2913,2.8,3.2,4.8,3.2,4.3,3.2,6.6,3.6,7,3.9,5.2,6.5,4,7.8,4.8,4.1,10,12,7.6,3.8,9.7,20,5,6.6,3.5,6.1,6.6,6.9,6.2,12,9.1
PGI,b4025,13,21,31,27,23,27,31,32,44,38,31,50,44,28,40,51,55,48,,53,,,50,62,61,47,71,62,51,,57
PGK_reverse,b2926,8.3,5.6,9.7,11,17,11,9.4,14,11,17,24,15,20,9.6,34,24,13,14,19,26,16,23,42,21,31,18,16,19,21,20,24
PGL,b0767,6.7,6.1,12,36,23,40,13,57,26,75,40,31,94,66,57,120,23,40,63,140,13,54,82,47,180,59,31,110,33,90,65
PMEACPE,b3412,,0,0,,,,0,,0,,,0,,0,,,0,0,0,,0,0,,0,,0,0,0,0,0,
PMPK,b2103,0,,,0,0,0,,0.01,,0.01,0,0.43,0.01,0.25,0,0.01,0.33,0.33,0.49,0.01,0.14,,0.01,,0.02,,0.45,0.36,,,0.5
PNTK,b3974,0.04,0.04,0.05,0.08,0.06,0.11,0.05,0.13,0.08,0.14,0.11,0.09,0.19,0.06,0.18,0.19,0.07,0.07,0.09,,0.08,0.08,0.21,0.13,0.27,0.13,0.18,0.1,0.2,0.14,0.22
PPBNGS,b0369,0.01,0.05,0.08,0.05,0.01,0.05,0.08,0.06,0.1,0.08,0.02,0.15,0.09,0.13,0.05,0.11,0.15,0.16,0.14,0.12,0.16,0.17,0.03,0.2,0.13,0.15,0.16,0.18,0.14,0.24,0.21
PPC,b3956,7.7,11,16,14,11,14,28,16,42,17,14,24,18,7.7,17,20,,,30,20,46,38,17,26,21,35,42,37,27,31,44
PPCDC,b3639,0.01,0.01,0.02,0.05,,0.05,0.05,0.08,0.05,0.08,,0.03,0.1,0.04,0.03,0.11,0.08,0.1,0.06,0.13,0.08,0.09,,0.05,0.15,0.09,0.12,0.1,0.12,0.11,0.09
PPNCL2,b3639,0.01,0.01,0.02,0.05,,0.05,0.05,0.08,0.05,0.08,,0.03,0.1,0.04,0.03,0.11,0.08,0.1,0.06,0.13,0.08,0.09,,0.05,0.15,0.09,0.12,0.1,0.12,0.11,0.09
PPND,b2600,7,2.7,4.1,7.3,15,7.5,3.5,8.3,3,9.7,22,6.3,8.8,1.7,13,7.7,6.9,7.3,6.1,7.1,3.8,6.5,17,4.9,7.1,13,13,4.4,10,4.1,6.1
PPNDH,b2599,2.3,0.35,0.68,0.66,4.2,0.67,1.3,0.94,3.3,1.3,6,1.6,1.8,4.5,9.4,2.3,4.4,4.2,4.1,3.2,4.3,4.2,11,3.4,4,8.7,11,5.3,12,6.8,8.8
PPPGO3,b3850,0.02,0.02,0.02,0.03,0.04,,0.05,0.02,0.06,0.03,0.07,0.04,0.03,0.04,0.09,0.05,0.06,0.09,0.04,0.04,0.05,0.07,0.1,0.06,0.05,0.07,0.08,0.1,0.08,0.12,0.09
PRAGSr,b4005,5.8,7.4,9.8,14,9.3,15,8.9,16,11,18,11,15,20,5.9,10,20,9.7,11,8.7,19,10,10,11,14,19,11,8.6,9.6,9.8,13,11
PRAIi,b1262,0.72,1.1,1.8,1.2,1.3,1.3,1.9,1.5,3.2,1.8,1.9,2.8,2,2.4,2.1,2.1,3.6,3.8,3.2,2.2,3.2,4,2.1,3.7,2.2,4.9,4.5,3.2,5,3.7,3.6
PRAIS,b2499,4,4,5.2,5.5,6.1,6.3,4.1,6.9,7.2,7.6,7.7,8.5,8.2,4.4,8.8,8,6.4,7.7,6.6,8.4,6.7,9,8.2,8,8,8.9,7.1,8,8.6,10,9
PRAMPC,b2026,3.9,1.5,1.9,13,5.2,15,2.1,18,4.1,17,6.6,3.8,19,2.9,6.2,20,3.9,3,3.1,22,2.5,3,6.7,4.9,21,2.8,3,2.3,3.1,3.3,2.5
PRASCSi,b2476,0.92,1,1.4,0.73,1.5,0.74,1.5,0.87,1.7,1.1,2.6,2.2,1.2,1.4,3.1,1.4,2,2.2,2.1,1.6,2.2,2.4,3.5,2.4,1.7,2.1,1.7,2.5,1.7,3.3,2.7
PRATPP,b2026,3.9,1.5,1.9,13,5.2,15,2.1,18,4.1,17,6.6,3.8,19,2.9,6.2,20,3.9,3,3.1,22,2.5,3,6.7,4.9,21,2.8,3,2.3,3.1,3.3,2.5
PRFGS,b2557,2.6,2.3,3.5,7.4,4.2,8,4.5,8.6,5.9,10,5.5,6,12,4.6,6.5,13,6.4,7.3,7.6,13,7.4,8.7,6.3,7.3,14,11,14,8.3,13,9.9,13
PRMICI,b2024,,1.1,1.3,5.9,,5.7,1.9,5.5,2.6,7.4,,2.5,7.6,2,,8.2,2.7,3,2.7,10,2,3.5,,3.6,9.4,5.4,3.2,2,4.6,4.7,3.5
PRPPS,b1207,2,1.9,3,3.7,3.3,3.9,2.9,4.3,3.2,4.8,4.8,4.5,5.6,3.3,6.8,6.5,3.3,3,4,7.3,4.1,4.9,7.9,5,8,5.2,5.7,5.7,5.4,5.6,6.8
PSCVT,b0908,5.8,6.5,9.8,13,11,13,7,16,11,18,15,16,20,10,16,21,15,13,9.9,21,11,16,15,18,20,9.9,7.9,8.4,7.6,12,9.8
PSD160,b4160,0.39,0.37,0.71,2.2,0.84,2.6,0.94,2.9,1.3,3.5,1.5,1.3,4.5,1.2,2.1,5.1,1.6,1.5,1.7,5.9,1.5,1.5,2.8,2,6.7,2.2,2,1.8,2.7,2,2.6
PSD161,b4160,0.45,0.44,0.84,2.6,1,3.1,1.1,3.4,1.6,4.1,1.8,1.6,5.3,1.4,2.5,6,1.9,1.8,2,7,1.8,1.8,3.3,2.4,7.9,2.5,2.4,2.1,3.1,2.4,3.1
PSERT,b0907,2.5,3.3,4.2,3.2,3.5,3.3,3.4,3.6,4.1,4.2,4.9,6.6,4.8,5.4,6.4,5.3,6.6,5.4,5.4,5.7,6.1,6,5.8,8.3,5.7,4.6,4.2,4.3,4.1,5.8,5
PSP_L,b4388,98,260,290,500,190,530,390,590,730,910,300,500,,520,400,"1,000.00",650,630,490,,490,580,430,740,"1,300.00",520,610,420,810,630,"1,500.00"
PSSA160,b2585,0.41,0.6,1.3,2,0.76,2,3.1,2.6,4.3,3.4,1.7,2.3,4.6,3.8,2.6,5.6,4.8,4.8,5.1,7.6,5.6,5.5,4.1,4.1,8.4,10,15,9.8,14,8.4,14
PSSA161,b2585,0.48,0.71,1.5,2.4,0.9,2.4,3.6,3.1,5.1,4,2,2.7,5.4,4.5,3.1,6.6,5.6,5.6,6,8.9,6.7,6.5,4.8,4.8,10,12,18,12,16,9.9,17
PTPATi,b3634,,0.11,0.25,,,,0.17,,0.37,,,0.49,,0.41,,,0.48,0.3,0.47,,0.34,0.35,,0.52,,0.51,0.44,0.42,0.4,0.55,0.32
PUNP1_reverse,b4384,0,0,0,0,0,0,0,0,0.01,0,0.01,0.01,0,0.01,0.01,0,0.01,0.01,0.01,0,0.01,0.01,0.01,0.01,0.01,0.01,0.01,0.01,0.01,0.01,0.01
QULNS,b0750,0.07,0.14,0.17,0.21,0.11,0.22,0.37,0.21,0.2,0.26,0.19,0.22,0.35,0.27,0.26,0.39,0.36,0.4,0.32,0.37,0.34,0.32,0.29,0.27,0.46,0.46,0.42,0.28,0.32,0.44,0.22
RBFK,b0025,,0.02,0.02,,,0,0.03,,0.04,,,0.05,,0.04,,,0.05,0.06,0.05,0.01,0.05,0.07,,0.05,0.01,0.06,0.09,0.06,0.08,0.07,0.07
RBFSa,b0415,0,0,0,0,0,0,0,0,0,0,0,0.01,0,0,0,0,0.01,0.01,0.01,0.01,0.01,0.01,0,0.01,0.01,0.01,0.01,0.01,0.01,0.01,0.01
RBFSb,b1662,0.01,0.01,0.01,0.01,0.01,0.01,0.02,0.01,0.01,0.02,0.02,0.02,0.02,0.03,0.02,0.02,0.03,0.03,0.02,0.02,0.03,0.03,0.02,0.03,0.02,0.02,0.02,0.03,0.03,0.03,0.02
RHCCE,b2687,0,0,0,0,0,0,0,0,0,0,0,0,0,0,0,0,0,0,0,0,0,0,0,0,0,0,0,0,0,0,0
SDPDS,b2472,33,60,84,,57,110,150,,140,170,99,120,250,190,120,270,230,170,210,270,210,280,140,170,270,180,170,230,150,210,430
SDPTA_reverse,b3359,1.5,0.88,1.6,4.5,3,4.6,2,5.1,4.6,5.6,4,3.7,6.9,4.1,3.5,6.8,6.2,5.7,4.7,6.9,5.6,6.4,4.4,5,7.2,7.5,7.1,4.3,5.7,6.7,5.9
SERAT,b3607,3.3,4.4,8.1,10,6.4,9,9.5,14,12,17,12,14,19,14,19,24,16,16,14,30,16,16,27,19,36,20,38,28,23,23,22
SHCHD2,b3368,,0.05,0.08,,,,0.09,,0.15,,,0.17,,0.15,,,0.15,0.16,0.17,,0.19,0.17,,0.18,,0.17,0.22,0.34,0.19,0.22,0.21
SHCHF,b3368,,0.05,0.08,,,,0.09,,0.15,,,0.17,,0.15,,,0.15,0.16,0.17,,0.19,0.17,,0.18,,0.17,0.22,0.34,0.19,0.22,0.21
SHSL1,b3939,1.9,1.3,2.3,4.5,2.3,4.7,2.4,5.3,2.7,5.8,2.8,5.5,7,4.9,3.3,7,6.5,5.5,6.1,7.6,3.9,5.3,5.6,4.7,10,5.4,8.1,3.7,6.1,5.2,5.8
THDPS,b0166,0.95,0.9,1.2,1.1,1.3,1.1,1.4,1.3,1.5,1.5,1.8,2,1.6,1.5,2.1,1.7,2.3,2.3,2.2,1.7,1.7,1.9,2.2,2.4,1.6,1.6,1.7,1.5,1.6,1.9,1.3
THRS,b0004,1,1.1,1.8,1.4,1.6,1.5,1.8,1.6,1.9,1.8,2.4,2.5,1.9,0.76,2.4,2,1.8,1.7,2,2,1.7,2,2.6,2.3,2,1.4,1.3,1.7,2.9,2,4
TMDS,b2827,0.84,1.6,1.7,2,1.5,2.1,2.5,2.7,2.4,3,2.1,3.4,3.3,2.6,3,3.6,2.6,2.4,2.6,4.6,2.5,3.2,3.2,3.3,5,3.1,3.8,3.1,5.3,3.2,7.4
TMPK,b0417,0.01,0.04,0.05,0.05,0.02,0.05,0.05,0.06,0.05,0.08,0.02,0.1,,0.08,0.03,,0.11,0.11,0.1,0.15,0.09,0.11,0.04,0.14,,0.12,0.08,0.1,0.11,0.23,0.1
TMPPP,b3993,0,,,0.01,0,0.01,,0.01,,0.01,0,,0.01,,0.01,0.01,,,,0.01,,,0.01,,0.02,,,,,,
TPI,b3919,8.6,10,16,15,17,15,18,19,21,24,28,27,29,18,38,34,25,29,36,39,72,44,46,32,42,35,26,49,27,45,53
TRPAS2_reverse,b3708,0.09,0.1,0.21,0.14,,0.13,0.65,0.09,0.45,0.15,,0.43,0.22,1.8,,0.24,1,1,1.7,0.63,1.9,1.2,,0.98,0.26,3.7,4.7,4.2,5,4.3,4.1
TYRL,b3991,0,,,0,0,0,,0,,0,0,,0,,0.01,0.01,,,,0.01,,,0.01,,0.01,,,,,,
U23GAAT,b0179,0.21,3.9,7.4,2,0.45,2,14,2.4,15,3.1,0.71,13,3.6,15,1,3.9,13,17,14,4.7,14,21,1.4,17,5.3,34,17,21,21,36,29
UAAGDS,b0085,1.9,0.86,1.4,3.8,2.1,4.3,1.5,4.4,1,6.8,4.4,2.3,6.6,1.5,5.2,7.3,2.1,2.5,2.7,7.7,2.5,2.4,5.2,3.1,8,2.5,2.8,2.5,2.4,3.4,2.5
UAGCVT,b3189,0.46,0.56,0.91,1,0.78,1,1.2,1.1,1.5,1.4,1.1,1.5,1.5,1.4,1.5,1.7,2,2.1,1.5,1.7,1.5,2.6,1.7,2,2,2.1,2.1,1.9,3.3,2.7,3.2
UAGDP,b3730,3.1,2.8,3.8,9.7,5.2,10,5.8,9.2,6.8,13,6.5,6.5,13,7.4,7.9,16,9.1,8.2,11,14,7.6,10,8.1,7,16,7.5,8.8,11,11,9.4,10
UAGPT3,b0090,,3.4,6.8,7.5,,7.4,6.2,8.4,7.2,8.5,,10,12,7,,12,13,9,12,14,10,12,,12,14,11,17,14,14,13,8.8
UAMAGS,b0088,1.8,6.7,11,2.1,3.7,2.4,9.2,2.9,7.7,3.8,6.4,18,4.7,9.4,6.2,5,12,14,9.6,3.5,14,16,9.6,20,4.6,20,25,16,7.8,20,29
UAMAS,b0091,1.6,1.2,1.6,7.1,3,6.6,1.8,7.7,1.6,11,3.9,3.1,,1.9,4.8,12,2.5,2.4,2.9,14,2.8,2.7,5.2,3.6,14,2.6,2.8,2.9,2.8,3.7,2.4
UAPGR,b3972,4.7,12,15,,8.3,,22,,29,,14,28,,18,18,,22,36,21,,25,43,25,36,,39,30,23,34,42,
UDCPDPS,b0174,,,0.02,,,,,,,,,0.06,,,,0.02,,0.08,0.07,,0.07,,,,,,0.14,0.08,0.13,,
UGMDDS,b0086,1.3,0.92,1.4,10,2.6,8.1,1.9,9.9,1,12,3.9,2.4,10,1.5,4.2,13,1.7,3.3,2.8,,2,2.8,4.8,2.5,16,2.8,2.6,2.4,2.5,4.7,2.9
UHGADA,b0096,,2.4,3.6,3.2,,6.1,4.6,7.7,8.2,12,,9.1,,9.9,,18,8.8,11,11,18,12,10,,15,21,15,11,14,21,21,11
UPP3S,b3804,0.06,0.2,0.37,,0.13,,0.51,,0.65,,0.28,0.74,,0.72,0.55,,0.77,1,0.93,,,,0.8,,,,,,,,
UPPDC1,b3997,0,,,0.01,0.01,0.01,,0.01,,0.02,0.01,,0.02,,0.01,0.02,,,,0.03,,,0.02,,0.03,,,0.33,0.76,,0.81
VALTA_reverse,b3770,3.3,3.3,5.3,4.4,3.8,4.2,5.8,5.2,6.4,5.1,4.6,6.8,5.3,5.9,4.3,6,7.2,6.7,7.7,6.1,7.6,8.8,5.8,6.6,5.5,4.5,3.5,7.4,6.1,7.6,8.7
