model_gene_id,uniprot_id,ec_number,sequence
b1012,b1012,,
b1680,b1680,,
b2388,b2388,,
b3781,b3781,,
b3212,b3212,,
b2254,b2254,,
b0523,b0523,,
b1103,b1103,,
b1263,b1263,,
b3790,b3790,,
b3876,b3876,,
b0417,b0417,,
b4260,b4260,,
b2715,b2715,,
b4087,b4087,,
b1611,b1611,,
b3426,b3426,,
b2935,b2935,,
b1514,b1514,,
b2243,b2243,,
b0750,b0750,,
b2134,b2134,,
b0002,b0002,,
b1737,b1737,,
b2458,b2458,,
b2803,b2803,,
b4477,b4477,,
b1453,b1453,,
b2039,b2039,,
b0894,b0894,,
b2316,b2316,,
b1654,b1654,,
b2486,b2486,,
b3909,b3909,,
b3747,b3747,,
b0577,b0577,,
b3607,b3607,,
b3725,b3725,,
b4471,b4471,,
b1850,b1850,,
b3730,b3730,,
b3161,b3161,,
b0070,b0070,,
b2789,b2789,,
b1521,b1521,,
b1535,b1535,,
b3996,b3996,,
b4054,b4054,,
b4098,b4098,,
b2751,b2751,,
b2579,b2579,,
b3610,b3610,,
b4036,b4036,,
b4227,b4227,,
b2222,b2222,,
b2720,b2720,,
b3735,b3735,,
b1236,b1236,,
b2918,b2918,,
b1136,b1136,,
b3062,b3062,,
b1262,b1262,,
b0724,b0724,,
b3003,b3003,,
b0333,b0333,,
b3057,b3057,,
b1389,b1389,,
b2521,b2521,,
b2092,b2092,,
b4407,b4407,,
b1872,b1872,,
b2746,b2746,,
b3172,b3172,,
b0341,b0341,,
b2373,b2373,,
b3041,b3041,,
b4138,b4138,,
b0758,b0758,,
b2676,b2676,,
b4390,b4390,,
b3994,b3994,,
b1302,b1302,,
b1677,b1677,,
b3208,b3208,,
b0415,b0415,,
b1524,b1524,,
b0126,b0126,,
b0469,b0469,,
b4287,b4287,,
b3460,b3460,,
b0046,b0046,,
b4120,b4120,,
b4160,b4160,,
b1124,b1124,,
b4337,b4337,,
b0336,b0336,,
b0856,b0856,,
b0860,b0860,,
b0477,b0477,,
b0624,b0624,,
b4019,b4019,,
b0524,b0524,,
b2802,b2802,,
b4122,b4122,,
b0444,b0444,,
b3008,b3008,,
b1588,b1588,,
b2965,b2965,,
b1281,b1281,,
b2519,b2519,,
b2010,b2010,,
b2366,b2366,,
b3240,b3240,,
b0090,b0090,,
b0110,b0110,,
b0688,b0688,,
b1901,b1901,,
b0720,b0720,,
b1186,b1186,,
b0182,b0182,,
b1483,b1483,,
b2097,b2097,,
b3365,b3365,,
b0915,b0915,,
b4290,b4290,,
b2615,b2615,,
b4382,b4382,,
b3924,b3924,,
b0124,b0124,,
b4161,b4161,,
b2147,b2147,,
b2750,b2750,,
b2964,b2964,,
b1226,b1226,,
b1992,b1992,,
b2705,b2705,,
b3629,b3629,,
b0331,b0331,,
b3477,b3477,,
b1329,b1329,,
b3826,b3826,,
b4198,b4198,,
b1849,b1849,,
b0980,b0980,,
b3958,b3958,,
b0997,b0997,,
b0543,b0543,,
b2518,b2518,,
b2096,b2096,,
b4072,b4072,,
b3946,b3946,,
b2724,b2724,,
b1781,b1781,,
b2065,b2065,,
b0120,b0120,,
b3256,b3256,,
b3546,b3546,,
b2558,b2558,,
b3679,b3679,,
b4129,b4129,,
b1733,b1733,,
b2470,b2470,,
b0907,b0907,,
b2914,b2914,,
b2131,b2131,,
b3176,b3176,,
b1326,b1326,,
b0589,b0589,,
b2280,b2280,,
b2129,b2129,,
b2781,b2781,,
b2813,b2813,,
b3665,b3665,,
b2034,b2034,,
b4167,b4167,,
b1993,b1993,,
b3480,b3480,,
b0638,b0638,,
b3634,b3634,,
b2093,b2093,,
b3744,b3744,,
b0733,b0733,,
b0698,b0698,,
b1927,b1927,,
b3428,b3428,,
b3633,b3633,,
b0573,b0573,,
b3127,b3127,,
b4111,b4111,,
b3941,b3941,,
b0150,b0150,,
b1298,b1298,,
b2687,b2687,,
b2836,b2836,,
b4261,b4261,,
b1589,b1589,,
b1232,b1232,,
b1300,b1300,,
b4384,b4384,,
b1701,b1701,,
b3654,b3654,,
b1019,b1019,,
b0934,b0934,,
b2933,b2933,,
b3201,b3201,,
b2166,b2166,,
b2464,b2464,,
b1693,b1693,,
b3578,b3578,,
b0654,b0654,,
b0186,b0186,,
b2441,b2441,,
b0386,b0386,,
b0514,b0514,,
b3794,b3794,,
b1623,b1623,,
b3028,b3028,,
b1021,b1021,,
b3962,b3962,,
b0507,b0507,,
b0179,b0179,,
b1818,b1818,,
b0925,b0925,,
b0805,b0805,,
b4034,b4034,,
b3630,b3630,,
b3918,b3918,,
b3960,b3960,,
b1241,b1241,,
b0841,b0841,,
b2306,b2306,,
b2095,b2095,,
b4265,b4265,,
b2871,b2871,,
b3059,b3059,,
b3454,b3454,,
b3648,b3648,,
b2257,b2257,,
b0529,b0529,,
b2421,b2421,,
b3774,b3774,,
b2794,b2794,,
b0808,b0808,,
b3821,b3821,,
b4322,b4322,,
b3967,b3967,,
b0632,b0632,,
b2515,b2515,,
b2500,b2500,,
b0517,b0517,,
b2810,b2810,,
b0121,b0121,,
b2247,b2247,,
b3132,b3132,,
b4367,b4367,,
b4053,b4053,,
b4042,b4042,,
b0388,b0388,,
b1738,b1738,,
b0575,b0575,,
b2835,b2835,,
b0047,b0047,,
b2704,b2704,,
b1225,b1225,,
b0728,b0728,,
b2258,b2258,,
b1330,b1330,,
b2094,b2094,,
b4386,b4386,,
b1740,b1740,,
b2585,b2585,,
b2987,b2987,,
b0783,b0783,,
b3526,b3526,,
b2371,b2371,,
b2957,b2957,,
b2307,b2307,,
b1692,b1692,,
b2600,b2600,,
b4006,b4006,,
b3940,b3940,,
b2843,b2843,,
b1296,b1296,,
b0480,b0480,,
b4153,b4153,,
b1393,b1393,,
b2752,b2752,,
b2688,b2688,,
b2924,b2924,,
b2400,b2400,,
b0933,b0933,,
b2291,b2291,,
b3722,b3722,,
b0867,b0867,,
b0383,b0383,,
b0420,b0420,,
b2293,b2293,,
b0826,b0826,,
b2315,b2315,,
b2156,b2156,,
b3582,b3582,,
b3974,b3974,,
b3198,b3198,,
b1636,b1636,,
b0918,b0918,,
b3721,b3721,,
b3599,b3599,,
b1539,b1539,,
b3959,b3959,,
b2925,b2925,,
b3417,b3417,,
b2912,b2912,,
b0594,b0594,,
b0910,b0910,,
b0062,b0062,,
b0978,b0978,,
b1686,b1686,,
b2224,b2224,,
b4070,b4070,,
b2024,b2024,,
b0048,b0048,,
b3115,b3115,,
b0681,b0681,,
b1260,b1260,,
b1748,b1748,,
b2284,b2284,,
b0261,b0261,,
b2422,b2422,,
b4481,b4481,,
b2528,b2528,,
b0957,b0957,,
b2796,b2796,,
b2463,b2463,,
b3117,b3117,,
b2574,b2574,,
b3693,b3693,,
b3519,b3519,,
b3374,b3374,,
b2277,b2277,,
b2800,b2800,,
b2197,b2197,,
b1448,b1448,,
b3804,b3804,,
b1761,b1761,,
b2827,b2827,,
b0597,b0597,,
b1207,b1207,,
b0207,b0207,,
b1684,b1684,,
b0767,b0767,,
b1991,b1991,,
b0159,b0159,,
b4209,b4209,,
b0352,b0352,,
b3035,b3035,,
b1519,b1519,,
b3455,b3455,,
b2276,b2276,,
b0116,b0116,,
b0585,b0585,,
b1759,b1759,,
b2838,b2838,,
b0849,b0849,,
b0709,b0709,,
b0653,b0653,,
b3787,b3787,,
b1679,b1679,,
b3370,b3370,,
b2251,b2251,,
b2842,b2842,,
b0367,b0367,,
b0421,b0421,,
b0755,b0755,,
b0871,b0871,,
b4230,b4230,,
b2174,b2174,,
b1193,b1193,,
b4035,b4035,,
b3739,b3739,,
b2133,b2133,,
b0936,b0936,,
b3452,b3452,,
b0651,b0651,,
b2020,b2020,,
b2711,b2711,,
b1317,b1317,,
b2700,b2700,,
b0696,b0696,,
b1919,b1919,,
b4193,b4193,,
b1125,b1125,,
b3197,b3197,,
b3966,b3966,,
b3656,b3656,,
b1208,b1208,,
b0777,b0777,,
b4031,b4031,,
b0895,b0895,,
b2868,b2868,,
b3628,b3628,,
b3073,b3073,,
b3367,b3367,,
b2414,b2414,,
b2260,b2260,,
b3451,b3451,,
b4136,b4136,,
b1449,b1449,,
b1378,b1378,,
b3972,b3972,,
b0963,b0963,,
b3614,b3614,,
b3061,b3061,,
b3903,b3903,,
b0606,b0606,,
b2801,b2801,,
b0588,b0588,,
b2678,b2678,,
b0355,b0355,,
b1601,b1601,,
b0928,b0928,,
b3500,b3500,,
b0675,b0675,,
b2540,b2540,,
b1093,b1093,,
b2296,b2296,,
b2994,b2994,,
b4237,b4237,,
b2162,b2162,,
b1492,b1492,,
b3412,b3412,,
b0040,b0040,,
b0366,b0366,,
b3469,b3469,,
b1640,b1640,,
b4460,b4460,,
b3829,b3829,,
b2465,b2465,,
b1517,b1517,,
b2483,b2483,,
b4485,b4485,,
b4515,b4515,,
b0376,b0376,,
b3389,b3389,,
b3844,b3844,,
b0968,b0968,,
b1054,b1054,,
b2710,b2710,,
b3541,b3541,,
b4032,b4032,,
b2428,b2428,,
b0401,b0401,,
b3691,b3691,,
b2507,b2507,,
b1227,b1227,,
b4358,b4358,,
b4254,b4254,,
b4196,b4196,,
b2344,b2344,,
b3881,b3881,,
b0494,b0494,,
b3942,b3942,,
b3403,b3403,,
b1584,b1584,,
b1261,b1261,,
b3525,b3525,,
b0465,b0465,,
b3291,b3291,,
b0954,b0954,,
b1246,b1246,,
b0181,b0181,,
b3222,b3222,,
b3902,b3902,,
b2418,b2418,,
b4356,b4356,,
b0007,b0007,,
b3748,b3748,,
b2661,b2661,,
b0734,b0734,,
b0096,b0096,,
b0628,b0628,,
b0857,b0857,,
b3952,b3952,,
b2037,b2037,,
b1897,b1897,,
b3475,b3475,,
b2328,b2328,,
b4039,b4039,,
b3182,b3182,,
b0576,b0576,,
b4139,b4139,,
b2341,b2341,,
b1096,b1096,,
b3788,b3788,,
b4154,b4154,,
b3266,b3266,,
b0160,b0160,,
b0508,b0508,,
b4105,b4105,,
b0166,b0166,,
b1264,b1264,,
b0973,b0973,,
b3653,b3653,,
b3425,b3425,,
b1646,b1646,,
b0692,b0692,,
b1476,b1476,,
b2906,b2906,,
b3503,b3503,,
b0155,b0155,,
b0348,b0348,,
b3786,b3786,,
b2132,b2132,,
b1857,b1857,,
b3789,b3789,,
b0522,b0522,,
b4297,b4297,,
b1736,b1736,,
b1199,b1199,,
b1478,b1478,,
b2476,b2476,,
b2873,b2873,,
b1709,b1709,,
b0025,b0025,,
b2927,b2927,,
b1400,b1400,,
b3939,b3939,,
b3089,b3089,,
b3917,b3917,,
b3496,b3496,,
b2716,b2716,,
b2378,b2378,,
b3528,b3528,,
b2668,b2668,,
b3366,b3366,,
b1732,b1732,,
b0813,b0813,,
b2309,b2309,,
b0512,b0512,,
b0781,b0781,,
b3493,b3493,,
b2492,b2492,,
b3476,b3476,,
b3432,b3432,,
b4132,b4132,,
b2264,b2264,,
b4090,b4090,,
b3925,b3925,,
b3126,b3126,,
b0819,b0819,,
b1681,b1681,,
b0133,b0133,,
b2551,b2551,,
b1198,b1198,,
b3430,b3430,,
b1308,b1308,,
b2917,b2917,,
b3805,b3805,,
b1683,b1683,,
b0592,b0592,,
b3579,b3579,,
b3867,b3867,,
b1463,b1463,,
b2415,b2415,,
b3479,b3479,,
b3870,b3870,,
b3580,b3580,,
b0839,b0839,,
b3846,b3846,,
b2930,b2930,,
b4119,b4119,,
b4088,b4088,,
b3880,b3880,,
b1710,b1710,,
b0353,b0353,,
b2255,b2255,,
b3006,b3006,,
b0861,b0861,,
b3478,b3478,,
b0151,b0151,,
b0091,b0091,,
b3566,b3566,,
b1678,b1678,,
b3997,b3997,,
b2905,b2905,,
b3708,b3708,,
b0825,b0825,,
b2033,b2033,,
b3137,b3137,,
b3714,b3714,,
b1479,b1479,,
b3878,b3878,,
b3543,b3543,,
b4086,b4086,,
b2154,b2154,,
b1094,b1094,,
b3945,b3945,,
b1394,b1394,,
b0641,b0641,,
b2784,b2784,,
b0009,b0009,,
b0175,b0175,,
b0180,b0180,,
b0337,b0337,,
b0154,b0154,,
b4232,b4232,,
b1325,b1325,,
b0937,b0937,,
b1185,b1185,,
b0484,b0484,,
b1106,b1106,,
b2963,b2963,,
b1015,b1015,,
b1661,b1661,,
b2440,b2440,,
b2051,b2051,,
b4024,b4024,,
b3731,b3731,,
b2943,b2943,,
b0509,b0509,,
b4383,b4383,,
b1010,b1010,,
b2682,b2682,,
b3770,b3770,,
b2920,b2920,,
b1511,b1511,,
b0931,b0931,,
b3517,b3517,,
b0003,b0003,,
b3662,b3662,,
b1856,b1856,,
b1814,b1814,,
b2889,b2889,,
b0874,b0874,,
b0152,b0152,,
b2599,b2599,,
b2206,b2206,,
b2502,b2502,,
b0237,b0237,,
b3943,b3943,,
b2040,b2040,,
b2032,b2032,,
b0149,b0149,,
b2780,b2780,,
b0678,b0678,,
b3926,b3926,,
b1107,b1107,,
b1855,b1855,,
b0572,b0572,,
b2877,b2877,,
b3991,b3991,,
b1613,b1613,,
b1092,b1092,,
b3253,b3253,,
b0365,b0365,,
b0574,b0574,,
b1025,b1025,,
b3588,b3588,,
b1397,b1397,,
b1651,b1651,,
b0837,b0837,,
b1967,b1967,,
b1064,b1064,,
b3993,b3993,,
b0347,b0347,,
b4005,b4005,,
b2312,b2312,,
b2205,b2205,,
b0583,b0583,,
b2578,b2578,,
b1907,b1907,,
b0888,b0888,,
b1745,b1745,,
b0433,b0433,,
b1912,b1912,,
b3032,b3032,,
b1676,b1676,,
b0349,b0349,,
b2041,b2041,,
b3368,b3368,,
b2282,b2282,,
b0756,b0756,,
b4067,b4067,,
b3390,b3390,,
b2882,b2882,,
b3734,b3734,,
b3666,b3666,,
b3915,b3915,,
b1101,b1101,,
b3236,b3236,,
b0863,b0863,,
b3729,b3729,,
b0903,b0903,,
b0394,b0394,,
b1363,b1363,,
b2563,b2563,,
b1694,b1694,,
b2662,b2662,,
b0452,b0452,,
b4544,b4544,,
b1487,b1487,,
b0311,b0311,,
b4197,b4197,,
b0032,b0032,,
b1859,b1859,,
b0822,b0822,,
b0084,b0084,,
b0142,b0142,,
b2310,b2310,,
b3831,b3831,,
b2429,b2429,,
b1006,b1006,,
b2308,b2308,,
b0622,b0622,,
b1486,b1486,,
b3856,b3856,,
b4159,b4159,,
b4041,b4041,,
b3713,b3713,,
b0335,b0335,,
b2779,b2779,,
b2411,b2411,,
b1852,b1852,,
b4467,b4467,,
b3034,b3034,,
b1746,b1746,,
b1386,b1386,,
b0593,b0593,,
b0325,b0325,,
b0038,b0038,,
b2841,b2841,,
b0114,b0114,,
b2149,b2149,,
b1490,b1490,,
b2170,b2170,,
b1277,b1277,,
b3816,b3816,,
b3058,b3058,,
b1466,b1466,,
b0197,b0197,,
b2242,b2242,,
b2175,b2175,,
b3625,b3625,,
b1682,b1682,,
b3540,b3540,,
b2533,b2533,,
b2164,b2164,,
b0908,b0908,,
b2025,b2025,,
b1097,b1097,,
b1252,b1252,,
b3124,b3124,,
b4077,b4077,,
b0307,b0307,,
b0125,b0125,,
b3619,b3619,,
b3849,b3849,,
b4099,b4099,,
b0459,b0459,,
b2239,b2239,,
b4117,b4117,,
b3806,b3806,,
b3728,b3728,,
b2536,b2536,,
b0068,b0068,,
b0697,b0697,,
b0061,b0061,,
b3551,b3551,,
b3833,b3833,,
b3639,b3639,,
b3449,b3449,,
b2988,b2988,,
b2425,b2425,,
b0112,b0112,,
b2788,b2788,,
b1985,b1985,,
b3907,b3907,,
b2703,b2703,,
b0221,b0221,,
b2487,b2487,,
b0617,b0617,,
b2091,b2091,,
b4231,b4231,,
b3416,b3416,,
b4123,b4123,,
b3385,b3385,,
b4025,b4025,,
b2675,b2675,,
b4244,b4244,,
b3092,b3092,,
b3399,b3399,,
b1341,b1341,,
b1059,b1059,,
b3001,b3001,,
b0312,b0312,,
b4214,b4214,,
b0446,b0446,,
b2210,b2210,,
b0092,b0092,,
b3603,b3603,,
b2023,b2023,,
b1388,b1388,,
b0657,b0657,,
b0729,b0729,,
b1599,b1599,,
b0402,b0402,,
b0809,b0809,,
b1200,b1200,,
b2047,b2047,,
b3736,b3736,,
b3396,b3396,,
b0774,b0774,,
b4245,b4245,,
b1474,b1474,,
b3429,b3429,,
b0104,b0104,,
b2303,b2303,,
b4093,b4093,,
b1244,b1244,,
b1896,b1896,,
b2763,b2763,,
b1008,b1008,,
b0243,b0243,,
b2320,b2320,,
b2995,b2995,,
b0174,b0174,,
b0485,b0485,,
b2901,b2901,,
b2904,b2904,,
b0590,b0590,,
b4101,b4101,,
b1033,b1033,,
b1621,b1621,,
b3709,b3709,,
b2947,b2947,,
b2143,b2143,,
b2723,b2723,,
b1865,b1865,,
b3565,b3565,,
b3825,b3825,,
b2103,b2103,,
b0726,b0726,,
b2817,b2817,,
b4266,b4266,,
b2498,b2498,,
b1484,b1484,,
b0085,b0085,,
b3589,b3589,,
b0109,b0109,,
b3567,b3567,,
b0732,b0732,,
b1223,b1223,,
b2677,b2677,,
b0123,b0123,,
b0088,b0088,,
b2541,b2541,,
b3456,b3456,,
b2431,b2431,,
b0731,b0731,,
b0511,b0511,,
b2938,b2938,,
b0238,b0238,,
b1656,b1656,,
b3040,b3040,,
b1622,b1622,,
b3631,b3631,,
b0757,b0757,,
b0584,b0584,,
b1767,b1767,,
b0242,b0242,,
b0099,b0099,,
b0887,b0887,,
b2245,b2245,,
b2361,b2361,,
b4239,b4239,,
b3957,b3957,,
b2478,b2478,,
b4073,b4073,,
b1109,b1109,,
b1390,b1390,,
b1619,b1619,,
b2708,b2708,,
b1779,b1779,,
b0515,b0515,,
b3956,b3956,,
b1858,b1858,,
b4288,b4288,,
b0831,b0831,,
b1224,b1224,,
b2407,b2407,,
b2215,b2215,,
b1007,b1007,,
b3772,b3772,,
b2029,b2029,,
b3553,b3553,,
b2552,b2552,,
b0870,b0870,,
b3005,b3005,,
b2722,b2722,,
b4040,b4040,,
b2155,b2155,,
b3750,b3750,,
b3371,b3371,,
b2202,b2202,,
b2744,b2744,,
b1396,b1396,,
b0185,b0185,,
b2392,b2392,,
b0425,b0425,,
b0369,b0369,,
b2497,b2497,,
b3360,b3360,,
b4071,b4071,,
b2027,b2027,,
b2261,b2261,,
b3612,b3612,,
b3241,b3241,,
b2762,b2762,,
b0614,b0614,,
b0118,b0118,,
b1473,b1473,,
b4104,b4104,,
b3359,b3359,,
b0751,b0751,,
b1801,b1801,,
b3213,b3213,,
b0972,b0972,,
b0662,b0662,,
b1662,b1662,,
b2485,b2485,,
b0842,b0842,,
b1533,b1533,,
b2406,b2406,,
b1920,b1920,,
b4468,b4468,,
b2290,b2290,,
b1592,b1592,,
b2996,b2996,,
b0652,b0652,,
b3431,b3431,,
b3732,b3732,,
b1771,b1771,,
b3189,b3189,,
b1444,b1444,,
b0727,b0727,,
b2660,b2660,,
b1475,b1475,,
b0008,b0008,,
b4079,b4079,,
b3785,b3785,,
b1727,b1727,,
b0810,b0810,,
b2393,b2393,,
b0071,b0071,,
b1764,b1764,,
b3581,b3581,,
b3793,b3793,,
b0655,b0655,,
b1276,b1276,,
b4194,b4194,,
b2169,b2169,,
b2148,b2148,,
b0115,b0115,,
b3697,b3697,,
b2903,b2903,,
b2979,b2979,,
b1516,b1516,,
b2262,b2262,,
b1250,b1250,,
b3624,b3624,,
b3877,b3877,,
b0153,b0153,,
b2975,b2975,,
b1634,b1634,,
b0684,b0684,,
b2690,b2690,,
b2934,b2934,,
b2038,b2038,,
b1131,b1131,,
b1813,b1813,,
b1249,b1249,,
b2727,b2727,,
b0521,b0521,,
b0752,b0752,,
b1297,b1297,,
b0211,b0211,,
b2501,b2501,,
b0896,b0896,,
b0404,b0404,,
b2241,b2241,,
b0030,b0030,,
b3623,b3623,,
b1291,b1291,,
b0268,b0268,,
b2026,b2026,,
b0722,b0722,,
b1854,b1854,,
b2287,b2287,,
b3568,b3568,,
b2279,b2279,,
b1518,b1518,,
b3875,b3875,,
b0131,b0131,,
b3620,b3620,,
b0428,b0428,,
b4262,b4262,,
b2302,b2302,,
b4085,b4085,,
b3812,b3812,,
b2663,b2663,,
b3927,b3927,,
b0635,b0635,,
b0604,b0604,,
b4195,b4195,,
b1134,b1134,,
b2601,b2601,,
b1488,b1488,,
b0431,b0431,,
b0031,b0031,,
b3409,b3409,,
b1247,b1247,,
b1014,b1014,,
b3791,b3791,,
b1278,b1278,,
b3617,b3617,,
b1443,b1443,,
b1778,b1778,,
b1870,b1870,,
b4233,b4233,,
b3893,b3893,,
b3850,b3850,,
b0862,b0862,,
b2203,b2203,,
b1090,b1090,,
b2066,b2066,,
b2529,b2529,,
b3824,b3824,,
b1062,b1062,,
b2542,b2542,,
b2489,b2489,,
b2014,b2014,,
b4151,b4151,,
b1603,b1603,,
b0066,b0066,,
b3457,b3457,,
b0615,b0615,,
b0314,b0314,,
b1091,b1091,,
b0886,b0886,,
b4015,b4015,,
b2288,b2288,,
b0639,b0639,,
b2053,b2053,,
b1981,b1981,,
b0339,b0339,,
b3727,b3727,,
b3564,b3564,,
b0974,b0974,,
b4020,b4020,,
b3488,b3488,,
b0875,b0875,,
b4240,b4240,,
b2954,b2954,,
b0854,b0854,,
b0241,b0241,,
b2323,b2323,,
b1489,b1489,,
b1617,b1617,,
b3433,b3433,,
b3892,b3892,,
b4474,b4474,,
b1616,b1616,,
b4464,b4464,,
b2342,b2342,,
b3012,b3012,,
b1336,b1336,,
b4152,b4152,,
b2919,b2919,,
b0578,b0578,,
b1441,b1441,,
b0677,b0677,,
b3930,b3930,,
b1812,b1812,,
b2297,b2297,,
b0036,b0036,,
b2937,b2937,,
b2201,b2201,,
b3063,b3063,,
b3187,b3187,,
b0432,b0432,,
b2866,b2866,,
b0759,b0759,,
b4513,b4513,,
b0778,b0778,,
b1606,b1606,,
b2329,b2329,,
b0019,b0019,,
b2989,b2989,,
b1513,b1513,,
b1600,b1600,,
b0616,b0616,,
b4269,b4269,,
b0935,b0935,,
b1245,b1245,,
b4141,b4141,,
b2130,b2130,,
b2278,b2278,,
b2104,b2104,,
b3052,b3052,,
b4267,b4267,,
b1768,b1768,,
b3196,b3196,,
b0089,b0089,,
b0474,b0474,,
b4106,b4106,,
b2799,b2799,,
b4064,b4064,,
b2923,b2923,,
b0929,b0929,,
b0029,b0029,,
b2503,b2503,,
b0403,b0403,,
b1009,b1009,,
b2153,b2153,,
b3450,b3450,,
b1301,b1301,,
b2423,b2423,,
b3627,b3627,,
b3621,b3621,,
b2036,b2036,,
b0864,b0864,,
b1917,b1917,,
b1695,b1695,,
b1002,b1002,,
b2893,b2893,,
b3784,b3784,,
b3779,b3779,,
b1440,b1440,,
b0586,b0586,,
b2232,b2232,,
b1377,b1377,,
b2721,b2721,,
b3860,b3860,,
b0932,b0932,,
b2286,b2286,,
b1415,b1415,,
b1918,b1918,,
b2797,b2797,,
b1638,b1638,,
b2764,b2764,,
b0463,b0463,,
b0414,b0414,,
b2702,b2702,,
b2019,b2019,,
b4298,b4298,,
b3882,b3882,,
b2150,b2150,,
b0037,b0037,,
b3397,b3397,,
b2198,b2198,,
b2472,b2472,,
b0381,b0381,,
b1391,b1391,,
b0072,b0072,,
b3091,b3091,,
b2165,b2165,,
b2379,b2379,,
b2048,b2048,,
b0595,b0595,,
b0063,b0063,,
b3265,b3265,,
b1798,b1798,,
b3386,b3386,,
b2683,b2683,,
b2488,b2488,,
b2997,b2997,,
b0308,b0308,,
b3752,b3752,,
b4374,b4374,,
b0086,b0086,,
b0356,b0356,,
b3885,b3885,,
b0343,b0343,,
b0679,b0679,,
b2679,b2679,,
b3843,b3843,,
b0418,b0418,,
b0693,b0693,,
b2281,b2281,,
b2265,b2265,,
b3845,b3845,,
b0077,b0077,,
b4192,b4192,,
b2204,b2204,,
b0074,b0074,,
b3857,b3857,,
b1385,b1385,,
b1493,b1493,,
b1817,b1817,,
b4092,b4092,,
b4323,b4323,,
b4173,b4173,,
b3542,b3542,,
b1747,b1747,,
b0979,b0979,,
b0766,b0766,,
b1004,b1004,,
b1587,b1587,,
b2895,b2895,,
b0269,b0269,,
b2199,b2199,,
b2942,b2942,,
b0351,b0351,,
b4131,b4131,,
b0340,b0340,,
b4115,b4115,,
b4096,b4096,,
b0010,b0010,,
b3290,b3290,,
b0493,b0493,,
b2168,b2168,,
b1392,b1392,,
b4130,b4130,,
b2028,b2028,,
b0905,b0905,,
b3116,b3116,,
b1469,b1469,,
b4352,b4352,,
b0516,b0516,,
b1095,b1095,,
b0785,b0785,,
b0855,b0855,,
b2564,b2564,,
b4100,b4100,,
b1430,b1430,,
b4238,b4238,,
b1704,b1704,,
b4478,b4478,,
b0462,b0462,,
b3749,b3749,,
b1851,b1851,,
b0914,b0914,,
b0612,b0612,,
b1605,b1605,,
b2052,b2052,,
b3415,b3415,,
b3458,b3458,,
b0844,b0844,,
b3809,b3809,,
b1442,b1442,,
b0605,b0605,,
b3575,b3575,,
b3737,b3737,,
b1216,b1216,,
b3664,b3664,,
b3125,b3125,,
b0078,b0078,,
b1288,b1288,,
b0451,b0451,,
b0134,b0134,,
b2221,b2221,,
b2128,b2128,,
b3622,b3622,,
b2253,b2253,,
b0829,b0829,,
b0273,b0273,,
b2818,b2818,,
b0784,b0784,,
b3792,b3792,,
b2530,b2530,,
b3029,b3029,,
b0049,b0049,,
b3281,b3281,,
b0775,b0775,,
b2913,b2913,,
b2173,b2173,,
b3616,b3616,,
b2490,b2490,,
b3751,b3751,,
b0073,b0073,,
b2435,b2435,,
b1189,b1189,,
b2436,b2436,,
b0674,b0674,,
b1119,b1119,,
b1395,b1395,,
b4208,b4208,,
b0033,b0033,,
b2374,b2374,,
b3726,b3726,,
b1982,b1982,,
b2907,b2907,,
b4219,b4219,,
b3437,b3437,,
b2582,b2582,,
b1467,b1467,,
b3011,b3011,,
b1528,b1528,,
b0054,b0054,,
b2976,b2976,,
b1380,b1380,,
b3626,b3626,,
b2413,b2413,,
b4177,b4177,,
b2256,b2256,,
b1805,b1805,,
b1197,b1197,,
b2285,b2285,,
b3200,b3200,,
b4321,b4321,,
b3350,b3350,,
b3572,b3572,,
b4169,b4169,,
b2177,b2177,,
b0350,b0350,,
b4094,b4094,,
b1011,b1011,,
b2765,b2765,,
b4213,b4213,,
b2670,b2670,,
b2416,b2416,,
b3908,b3908,,
b1821,b1821,,
b3258,b3258,,
b1734,b1734,,
b0315,b0315,,
b3738,b3738,,
b4146,b4146,,
b2467,b2467,,
b0004,b0004,,
b1655,b1655,,
b2481,b2481,,
b4291,b4291,,
b2480,b2480,,
b0306,b0306,,
b3823,b3823,,
b4069,b4069,,
b1243,b1243,,
b0828,b0828,,
b2787,b2787,,
b3199,b3199,,
b0630,b0630,,
b3018,b3018,,
b4268,b4268,,
b1270,b1270,,
b3640,b3640,,
b2240,b2240,,
b1794,b1794,,
b0423,b0423,,
b4095,b4095,,
b0830,b0830,,
b3128,b3128,,
b0904,b0904,,
b3336,b3336,,
b0650,b0650,,
b4388,b4388,,
b2701,b2701,,
b3447,b3447,,
b0411,b0411,,
b0158,b0158,,
b2508,b2508,,
b1069,b1069,,
b3608,b3608,,
b3883,b3883,,
b2484,b2484,,
b2049,b2049,,
b0996,b0996,,
b0475,b0475,,
b0344,b0344,,
b3577,b3577,,
b4033,b4033,,
b0173,b0173,,
b2430,b2430,,
b1319,b1319,,
b1337,b1337,,
b1285,b1285,,
b1873,b1873,,
b4289,b4289,,
b1206,b1206,,
b3177,b3177,,
b1465,b1465,,
b0765,b0765,,
b2867,b2867,,
b3904,b3904,,
b3670,b3670,,
b3070,b3070,,
b4242,b4242,,
b3502,b3502,,
b4013,b4013,,
b4084,b4084,,
b1819,b1819,,
b0591,b0591,,
b1800,b1800,,
b3225,b3225,,
b2235,b2235,,
b4392,b4392,,
b2263,b2263,,
b1900,b1900,,
b3571,b3571,,
b3605,b3605,,
b1990,b1990,,
b2035,b2035,,
b3992,b3992,,
b2424,b2424,,
b2719,b2719,,
b3093,b3093,,
b3590,b3590,,
b0505,b0505,,
b3453,b3453,,
b0052,b0052,,
b4055,b4055,,
b4311,b4311,,
b2021,b2021,,
b1102,b1102,,
b4394,b4394,,
b0171,b0171,,
b4226,b4226,,
b0429,b0429,,
b1022,b1022,,
b0723,b0723,,
b1338,b1338,,
b1723,b1723,,
b1398,b1398,,
b0902,b0902,,
b3248,b3248,,
b3919,b3919,,
b1468,b1468,,
b2234,b2234,,
b0945,b0945,,
b4476,b4476,,
b0199,b0199,,
b3224,b3224,,
b1123,b1123,,
b0621,b0621,,
b1098,b1098,,
b0103,b0103,,
b2178,b2178,,
b0776,b0776,,
b1485,b1485,,
b1702,b1702,,
b3733,b3733,,
s0001,s0001,,
b3650,b3650,,
b1126,b1126,,
b0430,b0430,,
b3715,b3715,,
b2417,b2417,,
b1525,b1525,,
b2926,b2926,,
b3583,b3583,,
b1590,b1590,,
b1744,b1744,,
b0721,b0721,,
b3255,b3255,,
b2283,b2283,,
b3671,b3671,,
b3990,b3990,,
b0764,b0764,,
b3894,b3894,,
b0832,b0832,,
b1832,b1832,,
b2167,b2167,,
b3223,b3223,,
b0811,b0811,,
b2223,b2223,,
b2499,b2499,,
b2179,b2179,,
b3632,b3632,,
b0754,b0754,,
b1711,b1711,,
b4381,b4381,,
b0212,b0212,,
b1515,b1515,,
b0200,b0200,,
b1612,b1612,,
b1602,b1602,,
b1238,b1238,,
b2883,b2883,,
b0334,b0334,,
b1113,b1113,,
b2538,b2538,,
b0087,b0087,,
b0789,b0789,,
b0596,b0596,,
b0613,b0613,,
b0827,b0827,,
b0067,b0067,,
b0368,b0368,,
b3916,b3916,,
b1192,b1192,,
b3600,b3600,,
b2146,b2146,,
b1190,b1190,,
b1215,b1215,,
b0763,b0763,,
b3114,b3114,,
b2587,b2587,,
b3951,b3951,,
b2747,b2747,,
b4014,b4014,,
b2180,b2180,,
b2888,b2888,,
b2200,b2200,,
b1387,b1387,,
b2539,b2539,,
b0260,b0260,,
b2557,b2557,,
b2738,b2738,,
b0198,b0198,,
b0222,b0222,,
b3544,b3544,,
b3642,b3642,,
b2523,b2523,,
b3771,b3771,,
b2482,b2482,,
b1210,b1210,,
b2022,b2022,,
