Condition ID,avg_growth,EX_glc__D_e,EX_ala__L_e,EX_arg__L_e,EX_asn__L_e,EX_gln__L_e,EX_gly_e,EX_his__L_e,EX_ile__L_e,EX_leu__L_e,EX_lys__L_e,EX_met__L_e,EX_phe__L_e,EX_pro__L_e,EX_ser__L_e,EX_thr__L_e,EX_trp__L_e,EX_tyr__L_e,EX_val__L_e,EX_thm_e,EX_pydxn_e
Cond00001,0.0,2.0,0.02,0.02,0.02,0.02,0.02,0.02,0.02,0.02,0.02,0.02,0.02,0.02,0.02,0.02,0.02,0.01,0.02,0.001,0.002
Cond00014,0.9368706778333333,0.02,0.02,0.02,0.02,0.02,0.02,0.02,0.02,0.02,0.02,0.02,0.02,0.02,0.02,0.02,0.02,0.01,0.02,0.001,0.002
Cond00015,1.2685710896666667,0.22,0.02,0.02,0.02,0.02,0.02,0.02,0.02,0.02,0.02,0.02,0.02,0.02,0.02,0.02,0.02,0.01,0.02,0.001,0.002
Cond00016,1.05723603525,20.0,0.02,0.02,0.02,0.02,0.02,0.02,0.02,0.02,0.02,0.02,0.02,0.02,0.02,0.02,0.02,0.01,0.02,0.001,0.002
Cond00017,0.94498256025,200.0,0.02,0.02,0.02,0.02,0.02,0.02,0.02,0.02,0.02,0.02,0.02,0.02,0.02,0.02,0.02,0.01,0.02,0.001,0.002
Cond00026,1.23475185975,2.0,0.0,0.02,0.02,0.02,0.02,0.02,0.02,0.02,0.02,0.02,0.02,0.02,0.02,0.02,0.02,0.01,0.02,0.001,0.002
Cond00027,1.2864817673636362,2.0,0.002,0.02,0.02,0.02,0.02,0.02,0.02,0.02,0.02,0.02,0.02,0.02,0.02,0.02,0.02,0.01,0.02,0.001,0.002
Cond00028,1.227574259,2.0,0.2,0.02,0.02,0.02,0.02,0.02,0.02,0.02,0.02,0.02,0.02,0.02,0.02,0.02,0.02,0.01,0.02,0.001,0.002
Cond00029,1.20015330525,2.0,2.0,0.02,0.02,0.02,0.02,0.02,0.02,0.02,0.02,0.02,0.02,0.02,0.02,0.02,0.02,0.01,0.02,0.001,0.002
Cond00030,1.1570889705833334,2.0,0.02,0.0,0.02,0.02,0.02,0.02,0.02,0.02,0.02,0.02,0.02,0.02,0.02,0.02,0.02,0.01,0.02,0.001,0.002
Cond00031,1.1367827818181817,2.0,0.02,0.002,0.02,0.02,0.02,0.02,0.02,0.02,0.02,0.02,0.02,0.02,0.02,0.02,0.02,0.01,0.02,0.001,0.002
Cond00032,1.1522419429166668,2.0,0.02,0.2,0.02,0.02,0.02,0.02,0.02,0.02,0.02,0.02,0.02,0.02,0.02,0.02,0.02,0.01,0.02,0.001,0.002
Cond00033,1.1473662045,2.0,0.02,2.0,0.02,0.02,0.02,0.02,0.02,0.02,0.02,0.02,0.02,0.02,0.02,0.02,0.02,0.01,0.02,0.001,0.002
Cond00034,1.0722597715,2.0,0.02,0.02,0.0,0.02,0.02,0.02,0.02,0.02,0.02,0.02,0.02,0.02,0.02,0.02,0.02,0.01,0.02,0.001,0.002
Cond00035,1.205391152090909,2.0,0.02,0.02,0.002,0.02,0.02,0.02,0.02,0.02,0.02,0.02,0.02,0.02,0.02,0.02,0.02,0.01,0.02,0.001,0.002
Cond00036,1.1286889095833332,2.0,0.02,0.02,0.2,0.02,0.02,0.02,0.02,0.02,0.02,0.02,0.02,0.02,0.02,0.02,0.02,0.01,0.02,0.001,0.002
Cond00037,1.1191333696666668,2.0,0.02,0.02,2.0,0.02,0.02,0.02,0.02,0.02,0.02,0.02,0.02,0.02,0.02,0.02,0.02,0.01,0.02,0.001,0.002
Cond00050,1.181325260818182,2.0,0.02,0.02,0.02,0.0,0.02,0.02,0.02,0.02,0.02,0.02,0.02,0.02,0.02,0.02,0.02,0.01,0.02,0.001,0.002
Cond00051,1.2545140681666667,2.0,0.02,0.02,0.02,0.002,0.02,0.02,0.02,0.02,0.02,0.02,0.02,0.02,0.02,0.02,0.02,0.01,0.02,0.001,0.002
Cond00052,1.1287749376363636,2.0,0.02,0.02,0.02,0.2,0.02,0.02,0.02,0.02,0.02,0.02,0.02,0.02,0.02,0.02,0.02,0.01,0.02,0.001,0.002
Cond00053,1.187361991818182,2.0,0.02,0.02,0.02,2.0,0.02,0.02,0.02,0.02,0.02,0.02,0.02,0.02,0.02,0.02,0.02,0.01,0.02,0.001,0.002
Cond00054,1.1680990017500001,2.0,0.02,0.02,0.02,0.02,0.0,0.02,0.02,0.02,0.02,0.02,0.02,0.02,0.02,0.02,0.02,0.01,0.02,0.001,0.002
Cond00055,1.2584990294166667,2.0,0.02,0.02,0.02,0.02,0.002,0.02,0.02,0.02,0.02,0.02,0.02,0.02,0.02,0.02,0.02,0.01,0.02,0.001,0.002
Cond00056,1.3136624604166667,2.0,0.02,0.02,0.02,0.02,0.2,0.02,0.02,0.02,0.02,0.02,0.02,0.02,0.02,0.02,0.02,0.01,0.02,0.001,0.002
Cond00057,1.2431527460833334,2.0,0.02,0.02,0.02,0.02,2.0,0.02,0.02,0.02,0.02,0.02,0.02,0.02,0.02,0.02,0.02,0.01,0.02,0.001,0.002
Cond00058,1.23572865175,2.0,0.02,0.02,0.02,0.02,0.02,0.0,0.02,0.02,0.02,0.02,0.02,0.02,0.02,0.02,0.02,0.01,0.02,0.001,0.002
Cond00059,1.3069636430833333,2.0,0.02,0.02,0.02,0.02,0.02,0.002,0.02,0.02,0.02,0.02,0.02,0.02,0.02,0.02,0.02,0.01,0.02,0.001,0.002
Cond00060,1.197801291,2.0,0.02,0.02,0.02,0.02,0.02,0.2,0.02,0.02,0.02,0.02,0.02,0.02,0.02,0.02,0.02,0.01,0.02,0.001,0.002
Cond00061,1.1744997864166666,2.0,0.02,0.02,0.02,0.02,0.02,2.0,0.02,0.02,0.02,0.02,0.02,0.02,0.02,0.02,0.02,0.01,0.02,0.001,0.002
Cond00062,0.0,2.0,0.02,0.02,0.02,0.02,0.02,0.02,0.0,0.02,0.02,0.02,0.02,0.02,0.02,0.02,0.02,0.01,0.02,0.001,0.002
Cond00063,0.3297738513333333,2.0,0.02,0.02,0.02,0.02,0.02,0.02,0.002,0.02,0.02,0.02,0.02,0.02,0.02,0.02,0.02,0.01,0.02,0.001,0.002
Cond00064,1.2180844659166667,2.0,0.02,0.02,0.02,0.02,0.02,0.02,0.2,0.02,0.02,0.02,0.02,0.02,0.02,0.02,0.02,0.01,0.02,0.001,0.002
Cond00065,1.0770844820833332,2.0,0.02,0.02,0.02,0.02,0.02,0.02,2.0,0.02,0.02,0.02,0.02,0.02,0.02,0.02,0.02,0.01,0.02,0.001,0.002
Cond00066,1.230349774,2.0,0.02,0.02,0.02,0.02,0.02,0.02,0.02,0.0,0.02,0.02,0.02,0.02,0.02,0.02,0.02,0.01,0.02,0.001,0.002
Cond00067,1.123206417,2.0,0.02,0.02,0.02,0.02,0.02,0.02,0.02,0.002,0.02,0.02,0.02,0.02,0.02,0.02,0.02,0.01,0.02,0.001,0.002
Cond00068,1.3739945463333332,2.0,0.02,0.02,0.02,0.02,0.02,0.02,0.02,0.2,0.02,0.02,0.02,0.02,0.02,0.02,0.02,0.01,0.02,0.001,0.002
Cond00069,0.9308447277272727,2.0,0.02,0.02,0.02,0.02,0.02,0.02,0.02,2.0,0.02,0.02,0.02,0.02,0.02,0.02,0.02,0.01,0.02,0.001,0.002
Cond00070,1.0140167908333333,2.0,0.02,0.02,0.02,0.02,0.02,0.02,0.02,0.02,0.0,0.02,0.02,0.02,0.02,0.02,0.02,0.01,0.02,0.001,0.002
Cond00071,1.1493160604166668,2.0,0.02,0.02,0.02,0.02,0.02,0.02,0.02,0.02,0.002,0.02,0.02,0.02,0.02,0.02,0.02,0.01,0.02,0.001,0.002
Cond00072,1.15574066625,2.0,0.02,0.02,0.02,0.02,0.02,0.02,0.02,0.02,0.2,0.02,0.02,0.02,0.02,0.02,0.02,0.01,0.02,0.001,0.002
Cond00073,1.2627642510833332,2.0,0.02,0.02,0.02,0.02,0.02,0.02,0.02,0.02,2.0,0.02,0.02,0.02,0.02,0.02,0.02,0.01,0.02,0.001,0.002
Cond00074,0.9057954435833334,2.0,0.02,0.02,0.02,0.02,0.02,0.02,0.02,0.02,0.02,0.0,0.02,0.02,0.02,0.02,0.02,0.01,0.02,0.001,0.002
Cond00075,0.9323562095833333,2.0,0.02,0.02,0.02,0.02,0.02,0.02,0.02,0.02,0.02,0.002,0.02,0.02,0.02,0.02,0.02,0.01,0.02,0.001,0.002
Cond00076,1.14198082025,2.0,0.02,0.02,0.02,0.02,0.02,0.02,0.02,0.02,0.02,0.2,0.02,0.02,0.02,0.02,0.02,0.01,0.02,0.001,0.002
Cond00077,1.10791998725,2.0,0.02,0.02,0.02,0.02,0.02,0.02,0.02,0.02,0.02,2.0,0.02,0.02,0.02,0.02,0.02,0.01,0.02,0.001,0.002
Cond00078,1.1337228333333333,2.0,0.02,0.02,0.02,0.02,0.02,0.02,0.02,0.02,0.02,0.02,0.0,0.02,0.02,0.02,0.02,0.01,0.02,0.001,0.002
Cond00079,1.1393612215,2.0,0.02,0.02,0.02,0.02,0.02,0.02,0.02,0.02,0.02,0.02,0.002,0.02,0.02,0.02,0.02,0.01,0.02,0.001,0.002
Cond00080,1.26121314025,2.0,0.02,0.02,0.02,0.02,0.02,0.02,0.02,0.02,0.02,0.02,0.2,0.02,0.02,0.02,0.02,0.01,0.02,0.001,0.002
Cond00081,1.2067433103333334,2.0,0.02,0.02,0.02,0.02,0.02,0.02,0.02,0.02,0.02,0.02,2.0,0.02,0.02,0.02,0.02,0.01,0.02,0.001,0.002
Cond00082,1.18234008875,2.0,0.02,0.02,0.02,0.02,0.02,0.02,0.02,0.02,0.02,0.02,0.02,0.0,0.02,0.02,0.02,0.01,0.02,0.001,0.002
Cond00083,1.1743242076666667,2.0,0.02,0.02,0.02,0.02,0.02,0.02,0.02,0.02,0.02,0.02,0.02,0.002,0.02,0.02,0.02,0.01,0.02,0.001,0.002
Cond00084,1.146574854,2.0,0.02,0.02,0.02,0.02,0.02,0.02,0.02,0.02,0.02,0.02,0.02,0.2,0.02,0.02,0.02,0.01,0.02,0.001,0.002
Cond00085,1.1686232890833332,2.0,0.02,0.02,0.02,0.02,0.02,0.02,0.02,0.02,0.02,0.02,0.02,2.0,0.02,0.02,0.02,0.01,0.02,0.001,0.002
Cond00086,1.1632346551666666,2.0,0.02,0.02,0.02,0.02,0.02,0.02,0.02,0.02,0.02,0.02,0.02,0.02,0.0,0.02,0.02,0.01,0.02,0.001,0.002
Cond00087,1.21353402625,2.0,0.02,0.02,0.02,0.02,0.02,0.02,0.02,0.02,0.02,0.02,0.02,0.02,0.002,0.02,0.02,0.01,0.02,0.001,0.002
Cond00088,1.308527645,2.0,0.02,0.02,0.02,0.02,0.02,0.02,0.02,0.02,0.02,0.02,0.02,0.02,0.2,0.02,0.02,0.01,0.02,0.001,0.002
Cond00089,1.1525591281666667,2.0,0.02,0.02,0.02,0.02,0.02,0.02,0.02,0.02,0.02,0.02,0.02,0.02,2.0,0.02,0.02,0.01,0.02,0.001,0.002
Cond00090,1.1560813538333334,2.0,0.02,0.02,0.02,0.02,0.02,0.02,0.02,0.02,0.02,0.02,0.02,0.02,0.02,0.0,0.02,0.01,0.02,0.001,0.002
Cond00091,1.2369138624166667,2.0,0.02,0.02,0.02,0.02,0.02,0.02,0.02,0.02,0.02,0.02,0.02,0.02,0.02,0.002,0.02,0.01,0.02,0.001,0.002
Cond00092,1.2521118955,2.0,0.02,0.02,0.02,0.02,0.02,0.02,0.02,0.02,0.02,0.02,0.02,0.02,0.02,0.2,0.02,0.01,0.02,0.001,0.002
Cond00093,1.1306456505,2.0,0.02,0.02,0.02,0.02,0.02,0.02,0.02,0.02,0.02,0.02,0.02,0.02,0.02,2.0,0.02,0.01,0.02,0.001,0.002
Cond00094,1.149620189909091,2.0,0.02,0.02,0.02,0.02,0.02,0.02,0.02,0.02,0.02,0.02,0.02,0.02,0.02,0.02,0.0,0.01,0.02,0.001,0.002
Cond00095,1.26060235175,2.0,0.02,0.02,0.02,0.02,0.02,0.02,0.02,0.02,0.02,0.02,0.02,0.02,0.02,0.02,0.002,0.01,0.02,0.001,0.002
Cond00096,1.3035700945,2.0,0.02,0.02,0.02,0.02,0.02,0.02,0.02,0.02,0.02,0.02,0.02,0.02,0.02,0.02,0.2,0.01,0.02,0.001,0.002
Cond00097,1.2944732030000001,2.0,0.02,0.02,0.02,0.02,0.02,0.02,0.02,0.02,0.02,0.02,0.02,0.02,0.02,0.02,2.0,0.01,0.02,0.001,0.002
Cond00098,1.1694341229166667,2.0,0.02,0.02,0.02,0.02,0.02,0.02,0.02,0.02,0.02,0.02,0.02,0.02,0.02,0.02,0.02,0.0,0.02,0.001,0.002
Cond00099,1.1921179569166667,2.0,0.02,0.02,0.02,0.02,0.02,0.02,0.02,0.02,0.02,0.02,0.02,0.02,0.02,0.02,0.02,0.001,0.02,0.001,0.002
Cond00100,1.15249636375,2.0,0.02,0.02,0.02,0.02,0.02,0.02,0.02,0.02,0.02,0.02,0.02,0.02,0.02,0.02,0.02,0.1,0.02,0.001,0.002
Cond00101,1.2017350891666667,2.0,0.02,0.02,0.02,0.02,0.02,0.02,0.02,0.02,0.02,0.02,0.02,0.02,0.02,0.02,0.02,1.0,0.02,0.001,0.002
Cond00102,1.2295189975833332,2.0,0.02,0.02,0.02,0.02,0.02,0.02,0.02,0.02,0.02,0.02,0.02,0.02,0.02,0.02,0.02,0.01,0.0,0.001,0.002
Cond00103,1.2460666458181817,2.0,0.02,0.02,0.02,0.02,0.02,0.02,0.02,0.02,0.02,0.02,0.02,0.02,0.02,0.02,0.02,0.01,0.002,0.001,0.002
Cond00104,1.1366829386666666,2.0,0.02,0.02,0.02,0.02,0.02,0.02,0.02,0.02,0.02,0.02,0.02,0.02,0.02,0.02,0.02,0.01,0.2,0.001,0.002
Cond00105,0.7694562153333333,2.0,0.02,0.02,0.02,0.02,0.02,0.02,0.02,0.02,0.02,0.02,0.02,0.02,0.02,0.02,0.02,0.01,2.0,0.001,0.002
Cond00154,1.1589375200833334,2.0,0.02,0.02,0.02,0.02,0.02,0.02,0.02,0.02,0.02,0.02,0.02,0.02,0.02,0.02,0.02,0.01,0.02,0.0,0.002
Cond00155,1.1800909331666667,2.0,0.02,0.02,0.02,0.02,0.02,0.02,0.02,0.02,0.02,0.02,0.02,0.02,0.02,0.02,0.02,0.01,0.02,0.0001,0.002
Cond00156,1.1516135192499999,2.0,0.02,0.02,0.02,0.02,0.02,0.02,0.02,0.02,0.02,0.02,0.02,0.02,0.02,0.02,0.02,0.01,0.02,0.01,0.002
Cond00157,1.1851958861818181,2.0,0.02,0.02,0.02,0.02,0.02,0.02,0.02,0.02,0.02,0.02,0.02,0.02,0.02,0.02,0.02,0.01,0.02,0.1,0.002
Cond00158,1.2009860980833333,2.0,0.02,0.02,0.02,0.02,0.02,0.02,0.02,0.02,0.02,0.02,0.02,0.02,0.02,0.02,0.02,0.01,0.02,0.001,0.0
Cond00159,1.2351428649166667,2.0,0.02,0.02,0.02,0.02,0.02,0.02,0.02,0.02,0.02,0.02,0.02,0.02,0.02,0.02,0.02,0.01,0.02,0.001,0.0002
Cond00160,1.1524652474166668,2.0,0.02,0.02,0.02,0.02,0.02,0.02,0.02,0.02,0.02,0.02,0.02,0.02,0.02,0.02,0.02,0.01,0.02,0.001,0.02
Cond00161,1.18228850825,2.0,0.02,0.02,0.02,0.02,0.02,0.02,0.02,0.02,0.02,0.02,0.02,0.02,0.02,0.02,0.02,0.01,0.02,0.001,0.2
Cond00178,0.0,0.22,0.002,0.02,2.0,0.02,0.2,2.0,0.02,0.2,0.002,0.02,2.0,0.0,0.2,0.02,0.2,0.01,0.0,0.1,0.002
Cond00191,0.6384317288181818,0.02,0.002,0.02,2.0,0.02,0.2,2.0,0.02,0.2,0.002,0.02,2.0,0.0,0.2,0.02,0.2,0.01,0.0,0.1,0.002
Cond00192,0.7957855799,2.0,0.002,0.02,2.0,0.02,0.2,2.0,0.02,0.2,0.002,0.02,2.0,0.0,0.2,0.02,0.2,0.01,0.0,0.1,0.002
Cond00193,0.7835576184166667,20.0,0.002,0.02,2.0,0.02,0.2,2.0,0.02,0.2,0.002,0.02,2.0,0.0,0.2,0.02,0.2,0.01,0.0,0.1,0.002
Cond00194,0.6822250329166667,200.0,0.002,0.02,2.0,0.02,0.2,2.0,0.02,0.2,0.002,0.02,2.0,0.0,0.2,0.02,0.2,0.01,0.0,0.1,0.002
Cond00203,0.616848250090909,0.22,0.0,0.02,2.0,0.02,0.2,2.0,0.02,0.2,0.002,0.02,2.0,0.0,0.2,0.02,0.2,0.01,0.0,0.1,0.002
Cond00204,0.6457619929090909,0.22,0.02,0.02,2.0,0.02,0.2,2.0,0.02,0.2,0.002,0.02,2.0,0.0,0.2,0.02,0.2,0.01,0.0,0.1,0.002
Cond00205,0.7262378430833333,0.22,0.2,0.02,2.0,0.02,0.2,2.0,0.02,0.2,0.002,0.02,2.0,0.0,0.2,0.02,0.2,0.01,0.0,0.1,0.002
Cond00206,0.8465656576666666,0.22,2.0,0.02,2.0,0.02,0.2,2.0,0.02,0.2,0.002,0.02,2.0,0.0,0.2,0.02,0.2,0.01,0.0,0.1,0.002
Cond00207,0.6515178425833333,0.22,0.002,0.0,2.0,0.02,0.2,2.0,0.02,0.2,0.002,0.02,2.0,0.0,0.2,0.02,0.2,0.01,0.0,0.1,0.002
Cond00208,0.6206761649166667,0.22,0.002,0.002,2.0,0.02,0.2,2.0,0.02,0.2,0.002,0.02,2.0,0.0,0.2,0.02,0.2,0.01,0.0,0.1,0.002
Cond00209,0.6578029140833334,0.22,0.002,0.2,2.0,0.02,0.2,2.0,0.02,0.2,0.002,0.02,2.0,0.0,0.2,0.02,0.2,0.01,0.0,0.1,0.002
Cond00210,0.6313247803636364,0.22,0.002,2.0,2.0,0.02,0.2,2.0,0.02,0.2,0.002,0.02,2.0,0.0,0.2,0.02,0.2,0.01,0.0,0.1,0.002
Cond00211,0.6043443484,0.22,0.002,0.02,0.0,0.02,0.2,2.0,0.02,0.2,0.002,0.02,2.0,0.0,0.2,0.02,0.2,0.01,0.0,0.1,0.002
Cond00212,0.6425712491666666,0.22,0.002,0.02,0.002,0.02,0.2,2.0,0.02,0.2,0.002,0.02,2.0,0.0,0.2,0.02,0.2,0.01,0.0,0.1,0.002
Cond00213,0.6193316349166667,0.22,0.002,0.02,0.02,0.02,0.2,2.0,0.02,0.2,0.002,0.02,2.0,0.0,0.2,0.02,0.2,0.01,0.0,0.1,0.002
Cond00214,0.6255235854166666,0.22,0.002,0.02,0.2,0.02,0.2,2.0,0.02,0.2,0.002,0.02,2.0,0.0,0.2,0.02,0.2,0.01,0.0,0.1,0.002
Cond00227,0.6067083784166667,0.22,0.002,0.02,2.0,0.0,0.2,2.0,0.02,0.2,0.002,0.02,2.0,0.0,0.2,0.02,0.2,0.01,0.0,0.1,0.002
Cond00228,0.62503699475,0.22,0.002,0.02,2.0,0.002,0.2,2.0,0.02,0.2,0.002,0.02,2.0,0.0,0.2,0.02,0.2,0.01,0.0,0.1,0.002
Cond00229,0.6424120048333334,0.22,0.002,0.02,2.0,0.2,0.2,2.0,0.02,0.2,0.002,0.02,2.0,0.0,0.2,0.02,0.2,0.01,0.0,0.1,0.002
Cond00230,0.7045258445,0.22,0.002,0.02,2.0,2.0,0.2,2.0,0.02,0.2,0.002,0.02,2.0,0.0,0.2,0.02,0.2,0.01,0.0,0.1,0.002
Cond00231,0.6879540201666666,0.22,0.002,0.02,2.0,0.02,0.0,2.0,0.02,0.2,0.002,0.02,2.0,0.0,0.2,0.02,0.2,0.01,0.0,0.1,0.002
Cond00232,0.66759873225,0.22,0.002,0.02,2.0,0.02,0.002,2.0,0.02,0.2,0.002,0.02,2.0,0.0,0.2,0.02,0.2,0.01,0.0,0.1,0.002
Cond00233,0.6883265671666666,0.22,0.002,0.02,2.0,0.02,0.02,2.0,0.02,0.2,0.002,0.02,2.0,0.0,0.2,0.02,0.2,0.01,0.0,0.1,0.002
Cond00234,0.5956762910833333,0.22,0.002,0.02,2.0,0.02,2.0,2.0,0.02,0.2,0.002,0.02,2.0,0.0,0.2,0.02,0.2,0.01,0.0,0.1,0.002
Cond00235,0.7225020825,0.22,0.002,0.02,2.0,0.02,0.2,0.0,0.02,0.2,0.002,0.02,2.0,0.0,0.2,0.02,0.2,0.01,0.0,0.1,0.002
Cond00236,0.6843621033333335,0.22,0.002,0.02,2.0,0.02,0.2,0.002,0.02,0.2,0.002,0.02,2.0,0.0,0.2,0.02,0.2,0.01,0.0,0.1,0.002
Cond00237,0.6499187670000001,0.22,0.002,0.02,2.0,0.02,0.2,0.02,0.02,0.2,0.002,0.02,2.0,0.0,0.2,0.02,0.2,0.01,0.0,0.1,0.002
Cond00238,0.6247592725,0.22,0.002,0.02,2.0,0.02,0.2,0.2,0.02,0.2,0.002,0.02,2.0,0.0,0.2,0.02,0.2,0.01,0.0,0.1,0.002
Cond00239,0.7415943480833334,0.22,0.002,0.02,2.0,0.02,0.2,2.0,0.0,0.2,0.002,0.02,2.0,0.0,0.2,0.02,0.2,0.01,0.0,0.1,0.002
Cond00240,0.7727665085833334,0.22,0.002,0.02,2.0,0.02,0.2,2.0,0.002,0.2,0.002,0.02,2.0,0.0,0.2,0.02,0.2,0.01,0.0,0.1,0.002
Cond00241,0.62241544225,0.22,0.002,0.02,2.0,0.02,0.2,2.0,0.2,0.2,0.002,0.02,2.0,0.0,0.2,0.02,0.2,0.01,0.0,0.1,0.002
Cond00242,0.6373008665833334,0.22,0.002,0.02,2.0,0.02,0.2,2.0,2.0,0.2,0.002,0.02,2.0,0.0,0.2,0.02,0.2,0.01,0.0,0.1,0.002
Cond00243,0.6263025435833333,0.22,0.002,0.02,2.0,0.02,0.2,2.0,0.02,0.0,0.002,0.02,2.0,0.0,0.2,0.02,0.2,0.01,0.0,0.1,0.002
Cond00244,0.6037049446666667,0.22,0.002,0.02,2.0,0.02,0.2,2.0,0.02,0.002,0.002,0.02,2.0,0.0,0.2,0.02,0.2,0.01,0.0,0.1,0.002
Cond00245,0.65123496375,0.22,0.002,0.02,2.0,0.02,0.2,2.0,0.02,0.02,0.002,0.02,2.0,0.0,0.2,0.02,0.2,0.01,0.0,0.1,0.002
Cond00246,0.75538376075,0.22,0.002,0.02,2.0,0.02,0.2,2.0,0.02,2.0,0.002,0.02,2.0,0.0,0.2,0.02,0.2,0.01,0.0,0.1,0.002
Cond00247,0.6320279348181818,0.22,0.002,0.02,2.0,0.02,0.2,2.0,0.02,0.2,0.0,0.02,2.0,0.0,0.2,0.02,0.2,0.01,0.0,0.1,0.002
Cond00248,0.6585517774999999,0.22,0.002,0.02,2.0,0.02,0.2,2.0,0.02,0.2,0.02,0.02,2.0,0.0,0.2,0.02,0.2,0.01,0.0,0.1,0.002
Cond00249,0.6173293544999999,0.22,0.002,0.02,2.0,0.02,0.2,2.0,0.02,0.2,0.2,0.02,2.0,0.0,0.2,0.02,0.2,0.01,0.0,0.1,0.002
Cond00250,0.614405025,0.22,0.002,0.02,2.0,0.02,0.2,2.0,0.02,0.2,2.0,0.02,2.0,0.0,0.2,0.02,0.2,0.01,0.0,0.1,0.002
Cond00251,0.6447965089090909,0.22,0.002,0.02,2.0,0.02,0.2,2.0,0.02,0.2,0.002,0.0,2.0,0.0,0.2,0.02,0.2,0.01,0.0,0.1,0.002
Cond00252,0.5974872395,0.22,0.002,0.02,2.0,0.02,0.2,2.0,0.02,0.2,0.002,0.002,2.0,0.0,0.2,0.02,0.2,0.01,0.0,0.1,0.002
Cond00253,0.6208228284166667,0.22,0.002,0.02,2.0,0.02,0.2,2.0,0.02,0.2,0.002,0.2,2.0,0.0,0.2,0.02,0.2,0.01,0.0,0.1,0.002
Cond00254,0.6115308504166667,0.22,0.002,0.02,2.0,0.02,0.2,2.0,0.02,0.2,0.002,2.0,2.0,0.0,0.2,0.02,0.2,0.01,0.0,0.1,0.002
Cond00255,0.6132522444166667,0.22,0.002,0.02,2.0,0.02,0.2,2.0,0.02,0.2,0.002,0.02,0.0,0.0,0.2,0.02,0.2,0.01,0.0,0.1,0.002
Cond00256,0.6221603567499999,0.22,0.002,0.02,2.0,0.02,0.2,2.0,0.02,0.2,0.002,0.02,0.002,0.0,0.2,0.02,0.2,0.01,0.0,0.1,0.002
Cond00257,0.6245136982727272,0.22,0.002,0.02,2.0,0.02,0.2,2.0,0.02,0.2,0.002,0.02,0.02,0.0,0.2,0.02,0.2,0.01,0.0,0.1,0.002
Cond00258,0.6134719005,0.22,0.002,0.02,2.0,0.02,0.2,2.0,0.02,0.2,0.002,0.02,0.2,0.0,0.2,0.02,0.2,0.01,0.0,0.1,0.002
Cond00259,0.6282673411666667,0.22,0.002,0.02,2.0,0.02,0.2,2.0,0.02,0.2,0.002,0.02,2.0,0.002,0.2,0.02,0.2,0.01,0.0,0.1,0.002
Cond00260,0.6544084442727273,0.22,0.002,0.02,2.0,0.02,0.2,2.0,0.02,0.2,0.002,0.02,2.0,0.02,0.2,0.02,0.2,0.01,0.0,0.1,0.002
Cond00261,0.7448045449999999,0.22,0.002,0.02,2.0,0.02,0.2,2.0,0.02,0.2,0.002,0.02,2.0,0.2,0.2,0.02,0.2,0.01,0.0,0.1,0.002
Cond00262,0.7997678044545453,0.22,0.002,0.02,2.0,0.02,0.2,2.0,0.02,0.2,0.002,0.02,2.0,2.0,0.2,0.02,0.2,0.01,0.0,0.1,0.002
Cond00263,0.6899540431666668,0.22,0.002,0.02,2.0,0.02,0.2,2.0,0.02,0.2,0.002,0.02,2.0,0.0,0.0,0.02,0.2,0.01,0.0,0.1,0.002
Cond00264,0.66543520575,0.22,0.002,0.02,2.0,0.02,0.2,2.0,0.02,0.2,0.002,0.02,2.0,0.0,0.002,0.02,0.2,0.01,0.0,0.1,0.002
Cond00265,0.6681896049999999,0.22,0.002,0.02,2.0,0.02,0.2,2.0,0.02,0.2,0.002,0.02,2.0,0.0,0.02,0.02,0.2,0.01,0.0,0.1,0.002
Cond00266,0.6923641094166667,0.22,0.002,0.02,2.0,0.02,0.2,2.0,0.02,0.2,0.002,0.02,2.0,0.0,2.0,0.02,0.2,0.01,0.0,0.1,0.002
Cond00267,0.6137678756666666,0.22,0.002,0.02,2.0,0.02,0.2,2.0,0.02,0.2,0.002,0.02,2.0,0.0,0.2,0.0,0.2,0.01,0.0,0.1,0.002
Cond00268,0.6469294699166667,0.22,0.002,0.02,2.0,0.02,0.2,2.0,0.02,0.2,0.002,0.02,2.0,0.0,0.2,0.002,0.2,0.01,0.0,0.1,0.002
Cond00269,0.63508461575,0.22,0.002,0.02,2.0,0.02,0.2,2.0,0.02,0.2,0.002,0.02,2.0,0.0,0.2,0.2,0.2,0.01,0.0,0.1,0.002
Cond00270,0.6118071716666666,0.22,0.002,0.02,2.0,0.02,0.2,2.0,0.02,0.2,0.002,0.02,2.0,0.0,0.2,2.0,0.2,0.01,0.0,0.1,0.002
Cond00271,0.614886726,0.22,0.002,0.02,2.0,0.02,0.2,2.0,0.02,0.2,0.002,0.02,2.0,0.0,0.2,0.02,0.0,0.01,0.0,0.1,0.002
Cond00272,0.617563138,0.22,0.002,0.02,2.0,0.02,0.2,2.0,0.02,0.2,0.002,0.02,2.0,0.0,0.2,0.02,0.002,0.01,0.0,0.1,0.002
Cond00273,0.6444692141666667,0.22,0.002,0.02,2.0,0.02,0.2,2.0,0.02,0.2,0.002,0.02,2.0,0.0,0.2,0.02,0.02,0.01,0.0,0.1,0.002
Cond00274,0.6470337805,0.22,0.002,0.02,2.0,0.02,0.2,2.0,0.02,0.2,0.002,0.02,2.0,0.0,0.2,0.02,2.0,0.01,0.0,0.1,0.002
Cond00275,0.6176476496666666,0.22,0.002,0.02,2.0,0.02,0.2,2.0,0.02,0.2,0.002,0.02,2.0,0.0,0.2,0.02,0.2,0.0,0.0,0.1,0.002
Cond00276,0.6158562943333333,0.22,0.002,0.02,2.0,0.02,0.2,2.0,0.02,0.2,0.002,0.02,2.0,0.0,0.2,0.02,0.2,0.001,0.0,0.1,0.002
Cond00277,0.6283828670833334,0.22,0.002,0.02,2.0,0.02,0.2,2.0,0.02,0.2,0.002,0.02,2.0,0.0,0.2,0.02,0.2,0.1,0.0,0.1,0.002
Cond00278,0.6507299957272727,0.22,0.002,0.02,2.0,0.02,0.2,2.0,0.02,0.2,0.002,0.02,2.0,0.0,0.2,0.02,0.2,1.0,0.0,0.1,0.002
Cond00279,0.6280076540833334,0.22,0.002,0.02,2.0,0.02,0.2,2.0,0.02,0.2,0.002,0.02,2.0,0.0,0.2,0.02,0.2,0.01,0.002,0.1,0.002
Cond00280,0.6384852478333333,0.22,0.002,0.02,2.0,0.02,0.2,2.0,0.02,0.2,0.002,0.02,2.0,0.0,0.2,0.02,0.2,0.01,0.02,0.1,0.002
Cond00281,0.83727134125,0.22,0.002,0.02,2.0,0.02,0.2,2.0,0.02,0.2,0.002,0.02,2.0,0.0,0.2,0.02,0.2,0.01,0.2,0.1,0.002
Cond00282,0.5859074506363636,0.22,0.002,0.02,2.0,0.02,0.2,2.0,0.02,0.2,0.002,0.02,2.0,0.0,0.2,0.02,0.2,0.01,2.0,0.1,0.002
Cond00331,0.6064496975833333,0.22,0.002,0.02,2.0,0.02,0.2,2.0,0.02,0.2,0.002,0.02,2.0,0.0,0.2,0.02,0.2,0.01,0.0,0.0,0.002
Cond00332,0.630917184,0.22,0.002,0.02,2.0,0.02,0.2,2.0,0.02,0.2,0.002,0.02,2.0,0.0,0.2,0.02,0.2,0.01,0.0,0.0001,0.002
Cond00333,0.6073347927272728,0.22,0.002,0.02,2.0,0.02,0.2,2.0,0.02,0.2,0.002,0.02,2.0,0.0,0.2,0.02,0.2,0.01,0.0,0.001,0.002
Cond00334,0.6194762851666666,0.22,0.002,0.02,2.0,0.02,0.2,2.0,0.02,0.2,0.002,0.02,2.0,0.0,0.2,0.02,0.2,0.01,0.0,0.01,0.002
Cond00335,0.6134568433636364,0.22,0.002,0.02,2.0,0.02,0.2,2.0,0.02,0.2,0.002,0.02,2.0,0.0,0.2,0.02,0.2,0.01,0.0,0.1,0.0
Cond00336,0.635909045,0.22,0.002,0.02,2.0,0.02,0.2,2.0,0.02,0.2,0.002,0.02,2.0,0.0,0.2,0.02,0.2,0.01,0.0,0.1,0.0002
Cond00337,0.6301748161818183,0.22,0.002,0.02,2.0,0.02,0.2,2.0,0.02,0.2,0.002,0.02,2.0,0.0,0.2,0.02,0.2,0.01,0.0,0.1,0.02
Cond00338,0.6376616444166666,0.22,0.002,0.02,2.0,0.02,0.2,2.0,0.02,0.2,0.002,0.02,2.0,0.0,0.2,0.02,0.2,0.01,0.0,0.1,0.2
Cond00355,0.0,2.0,0.018181818,0.018181818,0.018181818,0.018181818,0.018181818,0.018181818,0.018181818,0.018181818,0.018181818,0.018181818,0.018181818,0.018181818,0.018181818,0.018181818,0.018181818,0.009090909,0.018181818,0.000909091,0.001818182
Cond00368,0.9378714904545454,0.02,0.018181818,0.018181818,0.018181818,0.018181818,0.018181818,0.018181818,0.018181818,0.018181818,0.018181818,0.018181818,0.018181818,0.018181818,0.018181818,0.018181818,0.018181818,0.009090909,0.018181818,0.000909091,0.001818182
Cond00369,1.228649747909091,0.22,0.018181818,0.018181818,0.018181818,0.018181818,0.018181818,0.018181818,0.018181818,0.018181818,0.018181818,0.018181818,0.018181818,0.018181818,0.018181818,0.018181818,0.018181818,0.009090909,0.018181818,0.000909091,0.001818182
Cond00370,1.0960564225,20.0,0.018181818,0.018181818,0.018181818,0.018181818,0.018181818,0.018181818,0.018181818,0.018181818,0.018181818,0.018181818,0.018181818,0.018181818,0.018181818,0.018181818,0.018181818,0.009090909,0.018181818,0.000909091,0.001818182
Cond00371,1.108724711,200.0,0.018181818,0.018181818,0.018181818,0.018181818,0.018181818,0.018181818,0.018181818,0.018181818,0.018181818,0.018181818,0.018181818,0.018181818,0.018181818,0.018181818,0.018181818,0.009090909,0.018181818,0.000909091,0.001818182
Cond00380,1.16974419625,2.0,0.0,0.018181818,0.018181818,0.018181818,0.018181818,0.018181818,0.018181818,0.018181818,0.018181818,0.018181818,0.018181818,0.018181818,0.018181818,0.018181818,0.018181818,0.009090909,0.018181818,0.000909091,0.001818182
Cond00381,1.216761051,2.0,0.001652893,0.018181818,0.018181818,0.018181818,0.018181818,0.018181818,0.018181818,0.018181818,0.018181818,0.018181818,0.018181818,0.018181818,0.018181818,0.018181818,0.018181818,0.009090909,0.018181818,0.000909091,0.001818182
Cond00382,1.2195277471666666,2.0,0.2,0.018181818,0.018181818,0.018181818,0.018181818,0.018181818,0.018181818,0.018181818,0.018181818,0.018181818,0.018181818,0.018181818,0.018181818,0.018181818,0.018181818,0.009090909,0.018181818,0.000909091,0.001818182
Cond00383,1.0764176184166667,2.0,2.0,0.018181818,0.018181818,0.018181818,0.018181818,0.018181818,0.018181818,0.018181818,0.018181818,0.018181818,0.018181818,0.018181818,0.018181818,0.018181818,0.018181818,0.009090909,0.018181818,0.000909091,0.001818182
Cond00384,1.09035334675,2.0,0.018181818,0.0,0.018181818,0.018181818,0.018181818,0.018181818,0.018181818,0.018181818,0.018181818,0.018181818,0.018181818,0.018181818,0.018181818,0.018181818,0.018181818,0.009090909,0.018181818,0.000909091,0.001818182
Cond00385,1.0944332460833335,2.0,0.018181818,0.001652893,0.018181818,0.018181818,0.018181818,0.018181818,0.018181818,0.018181818,0.018181818,0.018181818,0.018181818,0.018181818,0.018181818,0.018181818,0.018181818,0.009090909,0.018181818,0.000909091,0.001818182
Cond00386,1.17935168725,2.0,0.018181818,0.2,0.018181818,0.018181818,0.018181818,0.018181818,0.018181818,0.018181818,0.018181818,0.018181818,0.018181818,0.018181818,0.018181818,0.018181818,0.018181818,0.009090909,0.018181818,0.000909091,0.001818182
Cond00387,1.1394942486363637,2.0,0.018181818,2.0,0.018181818,0.018181818,0.018181818,0.018181818,0.018181818,0.018181818,0.018181818,0.018181818,0.018181818,0.018181818,0.018181818,0.018181818,0.018181818,0.009090909,0.018181818,0.000909091,0.001818182
Cond00388,1.15313328225,2.0,0.018181818,0.018181818,0.0,0.018181818,0.018181818,0.018181818,0.018181818,0.018181818,0.018181818,0.018181818,0.018181818,0.018181818,0.018181818,0.018181818,0.018181818,0.009090909,0.018181818,0.000909091,0.001818182
Cond00389,1.268139309,2.0,0.018181818,0.018181818,0.001652893,0.018181818,0.018181818,0.018181818,0.018181818,0.018181818,0.018181818,0.018181818,0.018181818,0.018181818,0.018181818,0.018181818,0.018181818,0.009090909,0.018181818,0.000909091,0.001818182
Cond00390,1.106553403818182,2.0,0.018181818,0.018181818,0.2,0.018181818,0.018181818,0.018181818,0.018181818,0.018181818,0.018181818,0.018181818,0.018181818,0.018181818,0.018181818,0.018181818,0.018181818,0.009090909,0.018181818,0.000909091,0.001818182
Cond00391,1.1517370629166666,2.0,0.018181818,0.018181818,2.0,0.018181818,0.018181818,0.018181818,0.018181818,0.018181818,0.018181818,0.018181818,0.018181818,0.018181818,0.018181818,0.018181818,0.018181818,0.009090909,0.018181818,0.000909091,0.001818182
Cond00576,0.0,20.0,2.0,0.2,2.0,2.0,0.02,0.002,0.002,2.0,0.02,0.0,0.02,2.0,2.0,0.02,0.2,1.0,0.2,0.01,0.002
Cond00590,0.3386392173,0.02,2.0,0.2,2.0,2.0,0.02,0.002,0.002,2.0,0.02,0.0,0.02,2.0,2.0,0.02,0.2,1.0,0.2,0.01,0.002
Cond00591,0.38704429533333334,0.22,2.0,0.2,2.0,2.0,0.02,0.002,0.002,2.0,0.02,0.0,0.02,2.0,2.0,0.02,0.2,1.0,0.2,0.01,0.002
Cond00592,0.26878277850000004,2.0,2.0,0.2,2.0,2.0,0.02,0.002,0.002,2.0,0.02,0.0,0.02,2.0,2.0,0.02,0.2,1.0,0.2,0.01,0.002
Cond00593,0.64216609925,40.0,2.0,0.2,2.0,2.0,0.02,0.002,0.002,2.0,0.02,0.0,0.02,2.0,2.0,0.02,0.2,1.0,0.2,0.01,0.002
Cond00594,0.71478567125,200.0,2.0,0.2,2.0,2.0,0.02,0.002,0.002,2.0,0.02,0.0,0.02,2.0,2.0,0.02,0.2,1.0,0.2,0.01,0.002
Cond00605,0.5279015574166667,20.0,0.0,0.2,2.0,2.0,0.02,0.002,0.002,2.0,0.02,0.0,0.02,2.0,2.0,0.02,0.2,1.0,0.2,0.01,0.002
Cond00606,0.5979469961666667,20.0,0.002,0.2,2.0,2.0,0.02,0.002,0.002,2.0,0.02,0.0,0.02,2.0,2.0,0.02,0.2,1.0,0.2,0.01,0.002
Cond00607,0.50489096625,20.0,0.02,0.2,2.0,2.0,0.02,0.002,0.002,2.0,0.02,0.0,0.02,2.0,2.0,0.02,0.2,1.0,0.2,0.01,0.002
Cond00608,0.5594624628333333,20.0,0.2,0.2,2.0,2.0,0.02,0.002,0.002,2.0,0.02,0.0,0.02,2.0,2.0,0.02,0.2,1.0,0.2,0.01,0.002
Cond00609,0.6195407091666667,20.0,4.0,0.2,2.0,2.0,0.02,0.002,0.002,2.0,0.02,0.0,0.02,2.0,2.0,0.02,0.2,1.0,0.2,0.01,0.002
Cond00610,0.5288020339166667,20.0,2.0,0.0,2.0,2.0,0.02,0.002,0.002,2.0,0.02,0.0,0.02,2.0,2.0,0.02,0.2,1.0,0.2,0.01,0.002
Cond00611,0.5417986767499999,20.0,2.0,0.002,2.0,2.0,0.02,0.002,0.002,2.0,0.02,0.0,0.02,2.0,2.0,0.02,0.2,1.0,0.2,0.01,0.002
Cond00612,0.5329545680833333,20.0,2.0,0.02,2.0,2.0,0.02,0.002,0.002,2.0,0.02,0.0,0.02,2.0,2.0,0.02,0.2,1.0,0.2,0.01,0.002
Cond00613,0.3472101965,20.0,2.0,1.0,2.0,2.0,0.02,0.002,0.002,2.0,0.02,0.0,0.02,2.0,2.0,0.02,0.2,1.0,0.2,0.01,0.002
Cond00614,0.6754910347499999,20.0,2.0,2.0,2.0,2.0,0.02,0.002,0.002,2.0,0.02,0.0,0.02,2.0,2.0,0.02,0.2,1.0,0.2,0.01,0.002
Cond00615,0.6803995475833333,20.0,2.0,0.2,0.0,2.0,0.02,0.002,0.002,2.0,0.02,0.0,0.02,2.0,2.0,0.02,0.2,1.0,0.2,0.01,0.002
Cond00616,0.5380837954166667,20.0,2.0,0.2,0.002,2.0,0.02,0.002,0.002,2.0,0.02,0.0,0.02,2.0,2.0,0.02,0.2,1.0,0.2,0.01,0.002
Cond00617,0.6722728931666667,20.0,2.0,0.2,0.02,2.0,0.02,0.002,0.002,2.0,0.02,0.0,0.02,2.0,2.0,0.02,0.2,1.0,0.2,0.01,0.002
Cond00618,0.5622369616666667,20.0,2.0,0.2,0.2,2.0,0.02,0.002,0.002,2.0,0.02,0.0,0.02,2.0,2.0,0.02,0.2,1.0,0.2,0.01,0.002
Cond00619,0.6350390445833333,20.0,2.0,0.2,4.0,2.0,0.02,0.002,0.002,2.0,0.02,0.0,0.02,2.0,2.0,0.02,0.2,1.0,0.2,0.01,0.002
Cond00635,0.6160136806666666,20.0,2.0,0.2,2.0,0.0,0.02,0.002,0.002,2.0,0.02,0.0,0.02,2.0,2.0,0.02,0.2,1.0,0.2,0.01,0.002
Cond00636,0.5243078995,20.0,2.0,0.2,2.0,0.002,0.02,0.002,0.002,2.0,0.02,0.0,0.02,2.0,2.0,0.02,0.2,1.0,0.2,0.01,0.002
Cond00637,0.3755679861818182,20.0,2.0,0.2,2.0,0.02,0.02,0.002,0.002,2.0,0.02,0.0,0.02,2.0,2.0,0.02,0.2,1.0,0.2,0.01,0.002
Cond00638,0.6138886388181818,20.0,2.0,0.2,2.0,0.2,0.02,0.002,0.002,2.0,0.02,0.0,0.02,2.0,2.0,0.02,0.2,1.0,0.2,0.01,0.002
Cond00639,0.6823463048333333,20.0,2.0,0.2,2.0,4.0,0.02,0.002,0.002,2.0,0.02,0.0,0.02,2.0,2.0,0.02,0.2,1.0,0.2,0.01,0.002
Cond00640,0.6486020675454545,20.0,2.0,0.2,2.0,2.0,0.0,0.002,0.002,2.0,0.02,0.0,0.02,2.0,2.0,0.02,0.2,1.0,0.2,0.01,0.002
Cond00641,0.41474708099999996,20.0,2.0,0.2,2.0,2.0,0.002,0.002,0.002,2.0,0.02,0.0,0.02,2.0,2.0,0.02,0.2,1.0,0.2,0.01,0.002
Cond00642,0.5943397563333334,20.0,2.0,0.2,2.0,2.0,0.1,0.002,0.002,2.0,0.02,0.0,0.02,2.0,2.0,0.02,0.2,1.0,0.2,0.01,0.002
Cond00643,0.6775911647499999,20.0,2.0,0.2,2.0,2.0,0.2,0.002,0.002,2.0,0.02,0.0,0.02,2.0,2.0,0.02,0.2,1.0,0.2,0.01,0.002
Cond00644,0.7432638655833333,20.0,2.0,0.2,2.0,2.0,2.0,0.002,0.002,2.0,0.02,0.0,0.02,2.0,2.0,0.02,0.2,1.0,0.2,0.01,0.002
Cond00646,0.5191469621818182,20.0,2.0,0.2,2.0,2.0,0.02,0.01,0.002,2.0,0.02,0.0,0.02,2.0,2.0,0.02,0.2,1.0,0.2,0.01,0.002
Cond00647,0.50803775625,20.0,2.0,0.2,2.0,2.0,0.02,0.02,0.002,2.0,0.02,0.0,0.02,2.0,2.0,0.02,0.2,1.0,0.2,0.01,0.002
Cond00648,0.6844329173333333,20.0,2.0,0.2,2.0,2.0,0.02,0.2,0.002,2.0,0.02,0.0,0.02,2.0,2.0,0.02,0.2,1.0,0.2,0.01,0.002
Cond00650,0.48116309327272727,20.0,2.0,0.2,2.0,2.0,0.02,0.002,0.0,2.0,0.02,0.0,0.02,2.0,2.0,0.02,0.2,1.0,0.2,0.01,0.002
Cond00651,0.58152074875,20.0,2.0,0.2,2.0,2.0,0.02,0.002,0.01,2.0,0.02,0.0,0.02,2.0,2.0,0.02,0.2,1.0,0.2,0.01,0.002
Cond00652,0.6898908026666667,20.0,2.0,0.2,2.0,2.0,0.02,0.002,0.02,2.0,0.02,0.0,0.02,2.0,2.0,0.02,0.2,1.0,0.2,0.01,0.002
Cond00653,1.1694369563333333,20.0,2.0,0.2,2.0,2.0,0.02,0.002,0.2,2.0,0.02,0.0,0.02,2.0,2.0,0.02,0.2,1.0,0.2,0.01,0.002
Cond00654,1.1232776068333334,20.0,2.0,0.2,2.0,2.0,0.02,0.002,2.0,2.0,0.02,0.0,0.02,2.0,2.0,0.02,0.2,1.0,0.2,0.01,0.002
Cond00655,0.6260615505833333,20.0,2.0,0.2,2.0,2.0,0.02,0.002,0.002,0.0,0.02,0.0,0.02,2.0,2.0,0.02,0.2,1.0,0.2,0.01,0.002
Cond00656,0.5222694702727272,20.0,2.0,0.2,2.0,2.0,0.02,0.002,0.002,0.002,0.02,0.0,0.02,2.0,2.0,0.02,0.2,1.0,0.2,0.01,0.002
Cond00657,0.433025797125,20.0,2.0,0.2,2.0,2.0,0.02,0.002,0.002,0.02,0.02,0.0,0.02,2.0,2.0,0.02,0.2,1.0,0.2,0.01,0.002
Cond00659,0.6511878293333333,20.0,2.0,0.2,2.0,2.0,0.02,0.002,0.002,4.0,0.02,0.0,0.02,2.0,2.0,0.02,0.2,1.0,0.2,0.01,0.002
Cond00660,0.5787761245,20.0,2.0,0.2,2.0,2.0,0.02,0.002,0.002,2.0,0.0,0.0,0.02,2.0,2.0,0.02,0.2,1.0,0.2,0.01,0.002
Cond00661,0.56169578275,20.0,2.0,0.2,2.0,2.0,0.02,0.002,0.002,2.0,0.002,0.0,0.02,2.0,2.0,0.02,0.2,1.0,0.2,0.01,0.002
Cond00662,0.5847038382499999,20.0,2.0,0.2,2.0,2.0,0.02,0.002,0.002,2.0,0.1,0.0,0.02,2.0,2.0,0.02,0.2,1.0,0.2,0.01,0.002
Cond00663,0.5097444205833334,20.0,2.0,0.2,2.0,2.0,0.02,0.002,0.002,2.0,0.2,0.0,0.02,2.0,2.0,0.02,0.2,1.0,0.2,0.01,0.002
Cond00664,0.6198971308333333,20.0,2.0,0.2,2.0,2.0,0.02,0.002,0.002,2.0,2.0,0.0,0.02,2.0,2.0,0.02,0.2,1.0,0.2,0.01,0.002
Cond00665,0.5525756405833333,20.0,2.0,0.2,2.0,2.0,0.02,0.002,0.002,2.0,0.02,0.001,0.02,2.0,2.0,0.02,0.2,1.0,0.2,0.01,0.002
Cond00666,0.58555225475,20.0,2.0,0.2,2.0,2.0,0.02,0.002,0.002,2.0,0.02,0.002,0.02,2.0,2.0,0.02,0.2,1.0,0.2,0.01,0.002
Cond00667,0.51174661175,20.0,2.0,0.2,2.0,2.0,0.02,0.002,0.002,2.0,0.02,0.02,0.02,2.0,2.0,0.02,0.2,1.0,0.2,0.01,0.002
Cond00668,0.6267795505,20.0,2.0,0.2,2.0,2.0,0.02,0.002,0.002,2.0,0.02,0.2,0.02,2.0,2.0,0.02,0.2,1.0,0.2,0.01,0.002
Cond00669,0.6269731029166666,20.0,2.0,0.2,2.0,2.0,0.02,0.002,0.002,2.0,0.02,2.0,0.02,2.0,2.0,0.02,0.2,1.0,0.2,0.01,0.002
Cond00670,0.5509618156666667,20.0,2.0,0.2,2.0,2.0,0.02,0.002,0.002,2.0,0.02,0.0,0.0,2.0,2.0,0.02,0.2,1.0,0.2,0.01,0.002
Cond00671,0.5876079850833333,20.0,2.0,0.2,2.0,2.0,0.02,0.002,0.002,2.0,0.02,0.0,0.002,2.0,2.0,0.02,0.2,1.0,0.2,0.01,0.002
Cond00672,0.4789527439166667,20.0,2.0,0.2,2.0,2.0,0.02,0.002,0.002,2.0,0.02,0.0,0.1,2.0,2.0,0.02,0.2,1.0,0.2,0.01,0.002
Cond00673,0.5205202391666667,20.0,2.0,0.2,2.0,2.0,0.02,0.002,0.002,2.0,0.02,0.0,0.2,2.0,2.0,0.02,0.2,1.0,0.2,0.01,0.002
Cond00674,0.6431492469166668,20.0,2.0,0.2,2.0,2.0,0.02,0.002,0.002,2.0,0.02,0.0,2.0,2.0,2.0,0.02,0.2,1.0,0.2,0.01,0.002
Cond00675,0.5253880414166666,20.0,2.0,0.2,2.0,2.0,0.02,0.002,0.002,2.0,0.02,0.0,0.02,0.0,2.0,0.02,0.2,1.0,0.2,0.01,0.002
Cond00676,0.6283625410833333,20.0,2.0,0.2,2.0,2.0,0.02,0.002,0.002,2.0,0.02,0.0,0.02,0.002,2.0,0.02,0.2,1.0,0.2,0.01,0.002
Cond00677,0.6431790730833333,20.0,2.0,0.2,2.0,2.0,0.02,0.002,0.002,2.0,0.02,0.0,0.02,0.02,2.0,0.02,0.2,1.0,0.2,0.01,0.002
Cond00678,0.5984511800833333,20.0,2.0,0.2,2.0,2.0,0.02,0.002,0.002,2.0,0.02,0.0,0.02,0.2,2.0,0.02,0.2,1.0,0.2,0.01,0.002
Cond00679,0.7002435014166667,20.0,2.0,0.2,2.0,2.0,0.02,0.002,0.002,2.0,0.02,0.0,0.02,4.0,2.0,0.02,0.2,1.0,0.2,0.01,0.002
Cond00680,0.7966952350833334,20.0,2.0,0.2,2.0,2.0,0.02,0.002,0.002,2.0,0.02,0.0,0.02,2.0,0.0,0.02,0.2,1.0,0.2,0.01,0.002
Cond00681,0.7986160309166667,20.0,2.0,0.2,2.0,2.0,0.02,0.002,0.002,2.0,0.02,0.0,0.02,2.0,0.002,0.02,0.2,1.0,0.2,0.01,0.002
Cond00682,0.8072823805833332,20.0,2.0,0.2,2.0,2.0,0.02,0.002,0.002,2.0,0.02,0.0,0.02,2.0,0.02,0.02,0.2,1.0,0.2,0.01,0.002
Cond00683,0.8147804349166666,20.0,2.0,0.2,2.0,2.0,0.02,0.002,0.002,2.0,0.02,0.0,0.02,2.0,0.2,0.02,0.2,1.0,0.2,0.01,0.002
Cond00684,0.5381370525833333,20.0,2.0,0.2,2.0,2.0,0.02,0.002,0.002,2.0,0.02,0.0,0.02,2.0,4.0,0.02,0.2,1.0,0.2,0.01,0.002
Cond00685,0.5910660875,20.0,2.0,0.2,2.0,2.0,0.02,0.002,0.002,2.0,0.02,0.0,0.02,2.0,2.0,0.0,0.2,1.0,0.2,0.01,0.002
Cond00686,0.605457479875,20.0,2.0,0.2,2.0,2.0,0.02,0.002,0.002,2.0,0.02,0.0,0.02,2.0,2.0,0.002,0.2,1.0,0.2,0.01,0.002
Cond00687,0.73839900475,20.0,2.0,0.2,2.0,2.0,0.02,0.002,0.002,2.0,0.02,0.0,0.02,2.0,2.0,0.2,0.2,1.0,0.2,0.01,0.002
Cond00688,0.929436335625,20.0,2.0,0.2,2.0,2.0,0.02,0.002,0.002,2.0,0.02,0.0,0.02,2.0,2.0,2.0,0.2,1.0,0.2,0.01,0.002
Cond00689,0.6253830627142857,20.0,2.0,0.2,2.0,2.0,0.02,0.002,0.002,2.0,0.02,0.0,0.02,2.0,2.0,0.02,0.0,1.0,0.2,0.01,0.002
Cond00690,0.535336833125,20.0,2.0,0.2,2.0,2.0,0.02,0.002,0.002,2.0,0.02,0.0,0.02,2.0,2.0,0.02,0.002,1.0,0.2,0.01,0.002
Cond00691,0.607556036,20.0,2.0,0.2,2.0,2.0,0.02,0.002,0.002,2.0,0.02,0.0,0.02,2.0,2.0,0.02,0.02,1.0,0.2,0.01,0.002
Cond00578,0.55153241025,20.0,2.0,0.2,2.0,2.0,0.02,0.002,0.002,2.0,0.02,0.0,0.02,2.0,2.0,0.02,2.0,1.0,0.2,0.01,0.002
Cond00693,0.59111349475,20.0,2.0,0.2,2.0,2.0,0.02,0.002,0.002,2.0,0.02,0.0,0.02,2.0,2.0,0.02,0.2,0.0,0.2,0.01,0.002
Cond00694,0.5638524624166666,20.0,2.0,0.2,2.0,2.0,0.02,0.002,0.002,2.0,0.02,0.0,0.02,2.0,2.0,0.02,0.2,0.001,0.2,0.01,0.002
Cond00695,0.5346371404166667,20.0,2.0,0.2,2.0,2.0,0.02,0.002,0.002,2.0,0.02,0.0,0.02,2.0,2.0,0.02,0.2,0.01,0.2,0.01,0.002
Cond00696,0.5571911325,20.0,2.0,0.2,2.0,2.0,0.02,0.002,0.002,2.0,0.02,0.0,0.02,2.0,2.0,0.02,0.2,0.1,0.2,0.01,0.002
Cond00697,0.5445334259166666,20.0,2.0,0.2,2.0,2.0,0.02,0.002,0.002,2.0,0.02,0.0,0.02,2.0,2.0,0.02,0.2,0.5,0.2,0.01,0.002
Cond00698,0.60372040825,20.0,2.0,0.2,2.0,2.0,0.02,0.002,0.002,2.0,0.02,0.0,0.02,2.0,2.0,0.02,0.2,1.0,0.0,0.01,0.002
Cond00699,0.7062846001666667,20.0,2.0,0.2,2.0,2.0,0.02,0.002,0.002,2.0,0.02,0.0,0.02,2.0,2.0,0.02,0.2,1.0,0.002,0.01,0.002
Cond00700,0.6208575139166667,20.0,2.0,0.2,2.0,2.0,0.02,0.002,0.002,2.0,0.02,0.0,0.02,2.0,2.0,0.02,0.2,1.0,0.02,0.01,0.002
Cond00701,0.344475354,20.0,2.0,0.2,2.0,2.0,0.02,0.002,0.002,2.0,0.02,0.0,0.02,2.0,2.0,0.02,0.2,1.0,1.0,0.01,0.002
Cond00702,0.0,20.0,2.0,0.2,2.0,2.0,0.02,0.002,0.002,2.0,0.02,0.0,0.02,2.0,2.0,0.02,0.2,1.0,2.0,0.01,0.002
Cond00760,0.5347217701666667,20.0,2.0,0.2,2.0,2.0,0.02,0.002,0.002,2.0,0.02,0.0,0.02,2.0,2.0,0.02,0.2,1.0,0.2,0.0,0.002
Cond00761,0.56975997275,20.0,2.0,0.2,2.0,2.0,0.02,0.002,0.002,2.0,0.02,0.0,0.02,2.0,2.0,0.02,0.2,1.0,0.2,0.0001,0.002
Cond00762,0.6373155188333334,20.0,2.0,0.2,2.0,2.0,0.02,0.002,0.002,2.0,0.02,0.0,0.02,2.0,2.0,0.02,0.2,1.0,0.2,0.001,0.002
Cond00763,0.5930716870909091,20.0,2.0,0.2,2.0,2.0,0.02,0.002,0.002,2.0,0.02,0.0,0.02,2.0,2.0,0.02,0.2,1.0,0.2,0.05,0.002
Cond00764,0.6099416347272727,20.0,2.0,0.2,2.0,2.0,0.02,0.002,0.002,2.0,0.02,0.0,0.02,2.0,2.0,0.02,0.2,1.0,0.2,0.1,0.002
Cond00765,0.5576647775833333,20.0,2.0,0.2,2.0,2.0,0.02,0.002,0.002,2.0,0.02,0.0,0.02,2.0,2.0,0.02,0.2,1.0,0.2,0.01,0.0
Cond00766,0.48658914700000006,20.0,2.0,0.2,2.0,2.0,0.02,0.002,0.002,2.0,0.02,0.0,0.02,2.0,2.0,0.02,0.2,1.0,0.2,0.01,0.0002
Cond00767,0.40817873658333337,20.0,2.0,0.2,2.0,2.0,0.02,0.002,0.002,2.0,0.02,0.0,0.02,2.0,2.0,0.02,0.2,1.0,0.2,0.01,0.01
Cond00768,0.6599087119166667,20.0,2.0,0.2,2.0,2.0,0.02,0.002,0.002,2.0,0.02,0.0,0.02,2.0,2.0,0.02,0.2,1.0,0.2,0.01,0.02
Cond00769,0.5595495221666666,20.0,2.0,0.2,2.0,2.0,0.02,0.002,0.002,2.0,0.02,0.0,0.02,2.0,2.0,0.02,0.2,1.0,0.2,0.01,0.2
Cond00790,0.856646392,200.0,0.2,2.0,0.002,0.2,0.002,0.2,0.2,0.002,2.0,2.0,0.2,0.002,0.002,0.2,0.002,0.1,0.002,0.0001,0.0002
Cond00803,0.6844854914999999,0.02,0.2,2.0,0.002,0.2,0.002,0.2,0.2,0.002,2.0,2.0,0.2,0.002,0.002,0.2,0.002,0.1,0.002,0.0001,0.0002
Cond00804,0.6671356298,0.22,0.2,2.0,0.002,0.2,0.002,0.2,0.2,0.002,2.0,2.0,0.2,0.002,0.002,0.2,0.002,0.1,0.002,0.0001,0.0002
Cond00805,0.9077656145,2.0,0.2,2.0,0.002,0.2,0.002,0.2,0.2,0.002,2.0,2.0,0.2,0.002,0.002,0.2,0.002,0.1,0.002,0.0001,0.0002
Cond00806,0.8908146203999999,20.0,0.2,2.0,0.002,0.2,0.002,0.2,0.2,0.002,2.0,2.0,0.2,0.002,0.002,0.2,0.002,0.1,0.002,0.0001,0.0002
Cond00815,0.737052398,200.0,0.0,2.0,0.002,0.2,0.002,0.2,0.2,0.002,2.0,2.0,0.2,0.002,0.002,0.2,0.002,0.1,0.002,0.0001,0.0002
Cond00816,0.7457522213333334,200.0,0.002,2.0,0.002,0.2,0.002,0.2,0.2,0.002,2.0,2.0,0.2,0.002,0.002,0.2,0.002,0.1,0.002,0.0001,0.0002
Cond00817,0.725151424,200.0,0.02,2.0,0.002,0.2,0.002,0.2,0.2,0.002,2.0,2.0,0.2,0.002,0.002,0.2,0.002,0.1,0.002,0.0001,0.0002
Cond00818,0.6508373033333333,200.0,2.0,2.0,0.002,0.2,0.002,0.2,0.2,0.002,2.0,2.0,0.2,0.002,0.002,0.2,0.002,0.1,0.002,0.0001,0.0002
Cond00819,0.7289924683333333,200.0,0.2,0.0,0.002,0.2,0.002,0.2,0.2,0.002,2.0,2.0,0.2,0.002,0.002,0.2,0.002,0.1,0.002,0.0001,0.0002
Cond00820,0.718883345,200.0,0.2,0.002,0.002,0.2,0.002,0.2,0.2,0.002,2.0,2.0,0.2,0.002,0.002,0.2,0.002,0.1,0.002,0.0001,0.0002
Cond00821,0.751102602,200.0,0.2,0.02,0.002,0.2,0.002,0.2,0.2,0.002,2.0,2.0,0.2,0.002,0.002,0.2,0.002,0.1,0.002,0.0001,0.0002
Cond00822,0.7826954008333334,200.0,0.2,0.2,0.002,0.2,0.002,0.2,0.2,0.002,2.0,2.0,0.2,0.002,0.002,0.2,0.002,0.1,0.002,0.0001,0.0002
Cond00823,0.7545496942,200.0,0.2,2.0,0.0,0.2,0.002,0.2,0.2,0.002,2.0,2.0,0.2,0.002,0.002,0.2,0.002,0.1,0.002,0.0001,0.0002
Cond00824,0.7948749908333334,200.0,0.2,2.0,0.02,0.2,0.002,0.2,0.2,0.002,2.0,2.0,0.2,0.002,0.002,0.2,0.002,0.1,0.002,0.0001,0.0002
Cond00825,0.771960903,200.0,0.2,2.0,0.2,0.2,0.002,0.2,0.2,0.002,2.0,2.0,0.2,0.002,0.002,0.2,0.002,0.1,0.002,0.0001,0.0002
Cond00826,0.7655195318333333,200.0,0.2,2.0,2.0,0.2,0.002,0.2,0.2,0.002,2.0,2.0,0.2,0.002,0.002,0.2,0.002,0.1,0.002,0.0001,0.0002
Cond00839,0.757768928,200.0,0.2,2.0,0.002,0.0,0.002,0.2,0.2,0.002,2.0,2.0,0.2,0.002,0.002,0.2,0.002,0.1,0.002,0.0001,0.0002
Cond00840,0.730389781,200.0,0.2,2.0,0.002,0.002,0.002,0.2,0.2,0.002,2.0,2.0,0.2,0.002,0.002,0.2,0.002,0.1,0.002,0.0001,0.0002
Cond00841,0.7393257143333334,200.0,0.2,2.0,0.002,0.02,0.002,0.2,0.2,0.002,2.0,2.0,0.2,0.002,0.002,0.2,0.002,0.1,0.002,0.0001,0.0002
Cond00842,0.72988547,200.0,0.2,2.0,0.002,2.0,0.002,0.2,0.2,0.002,2.0,2.0,0.2,0.002,0.002,0.2,0.002,0.1,0.002,0.0001,0.0002
Cond00843,0.7449083405,200.0,0.2,2.0,0.002,0.2,0.0,0.2,0.2,0.002,2.0,2.0,0.2,0.002,0.002,0.2,0.002,0.1,0.002,0.0001,0.0002
Cond00844,0.7225966979999999,200.0,0.2,2.0,0.002,0.2,0.02,0.2,0.2,0.002,2.0,2.0,0.2,0.002,0.002,0.2,0.002,0.1,0.002,0.0001,0.0002
Cond00845,0.7239633793333334,200.0,0.2,2.0,0.002,0.2,0.2,0.2,0.2,0.002,2.0,2.0,0.2,0.002,0.002,0.2,0.002,0.1,0.002,0.0001,0.0002
Cond00846,0.7043829205000001,200.0,0.2,2.0,0.002,0.2,2.0,0.2,0.2,0.002,2.0,2.0,0.2,0.002,0.002,0.2,0.002,0.1,0.002,0.0001,0.0002
Cond00847,0.7457336248333334,200.0,0.2,2.0,0.002,0.2,0.002,0.0,0.2,0.002,2.0,2.0,0.2,0.002,0.002,0.2,0.002,0.1,0.002,0.0001,0.0002
Cond00848,0.7397861348333333,200.0,0.2,2.0,0.002,0.2,0.002,0.002,0.2,0.002,2.0,2.0,0.2,0.002,0.002,0.2,0.002,0.1,0.002,0.0001,0.0002
Cond00849,0.7378336436666667,200.0,0.2,2.0,0.002,0.2,0.002,0.02,0.2,0.002,2.0,2.0,0.2,0.002,0.002,0.2,0.002,0.1,0.002,0.0001,0.0002
Cond00850,0.7284465661666667,200.0,0.2,2.0,0.002,0.2,0.002,2.0,0.2,0.002,2.0,2.0,0.2,0.002,0.002,0.2,0.002,0.1,0.002,0.0001,0.0002
Cond00851,0.7364827123333333,200.0,0.2,2.0,0.002,0.2,0.002,0.2,0.0,0.002,2.0,2.0,0.2,0.002,0.002,0.2,0.002,0.1,0.002,0.0001,0.0002
Cond00852,0.7399971988333333,200.0,0.2,2.0,0.002,0.2,0.002,0.2,0.002,0.002,2.0,2.0,0.2,0.002,0.002,0.2,0.002,0.1,0.002,0.0001,0.0002
Cond00853,0.7385710291666666,200.0,0.2,2.0,0.002,0.2,0.002,0.2,0.02,0.002,2.0,2.0,0.2,0.002,0.002,0.2,0.002,0.1,0.002,0.0001,0.0002
Cond00854,0.7326778113333333,200.0,0.2,2.0,0.002,0.2,0.002,0.2,2.0,0.002,2.0,2.0,0.2,0.002,0.002,0.2,0.002,0.1,0.002,0.0001,0.0002
Cond00855,0.73989953,200.0,0.2,2.0,0.002,0.2,0.002,0.2,0.2,0.0,2.0,2.0,0.2,0.002,0.002,0.2,0.002,0.1,0.002,0.0001,0.0002
Cond00856,0.7526494194,200.0,0.2,2.0,0.002,0.2,0.002,0.2,0.2,0.02,2.0,2.0,0.2,0.002,0.002,0.2,0.002,0.1,0.002,0.0001,0.0002
Cond00857,0.7554364528333334,200.0,0.2,2.0,0.002,0.2,0.002,0.2,0.2,0.2,2.0,2.0,0.2,0.002,0.002,0.2,0.002,0.1,0.002,0.0001,0.0002
Cond00858,0.7477895659999999,200.0,0.2,2.0,0.002,0.2,0.002,0.2,0.2,2.0,2.0,2.0,0.2,0.002,0.002,0.2,0.002,0.1,0.002,0.0001,0.0002
Cond00859,0.7160047946666667,200.0,0.2,2.0,0.002,0.2,0.002,0.2,0.2,0.002,0.0,2.0,0.2,0.002,0.002,0.2,0.002,0.1,0.002,0.0001,0.0002
Cond00860,0.7020730646666666,200.0,0.2,2.0,0.002,0.2,0.002,0.2,0.2,0.002,0.002,2.0,0.2,0.002,0.002,0.2,0.002,0.1,0.002,0.0001,0.0002
Cond00861,0.7649763306666667,200.0,0.2,2.0,0.002,0.2,0.002,0.2,0.2,0.002,0.02,2.0,0.2,0.002,0.002,0.2,0.002,0.1,0.002,0.0001,0.0002
Cond00862,0.7462908542,200.0,0.2,2.0,0.002,0.2,0.002,0.2,0.2,0.002,0.2,2.0,0.2,0.002,0.002,0.2,0.002,0.1,0.002,0.0001,0.0002
Cond00863,0.641358587,200.0,0.2,2.0,0.002,0.2,0.002,0.2,0.2,0.002,2.0,0.0,0.2,0.002,0.002,0.2,0.002,0.1,0.002,0.0001,0.0002
Cond00864,0.6194701996666666,200.0,0.2,2.0,0.002,0.2,0.002,0.2,0.2,0.002,2.0,0.002,0.2,0.002,0.002,0.2,0.002,0.1,0.002,0.0001,0.0002
Cond00865,0.7665232983333333,200.0,0.2,2.0,0.002,0.2,0.002,0.2,0.2,0.002,2.0,0.02,0.2,0.002,0.002,0.2,0.002,0.1,0.002,0.0001,0.0002
Cond00866,0.7575625581666667,200.0,0.2,2.0,0.002,0.2,0.002,0.2,0.2,0.002,2.0,0.2,0.2,0.002,0.002,0.2,0.002,0.1,0.002,0.0001,0.0002
Cond00867,0.7804580813333333,200.0,0.2,2.0,0.002,0.2,0.002,0.2,0.2,0.002,2.0,2.0,0.0,0.002,0.002,0.2,0.002,0.1,0.002,0.0001,0.0002
Cond00868,0.7874280223333333,200.0,0.2,2.0,0.002,0.2,0.002,0.2,0.2,0.002,2.0,2.0,0.002,0.002,0.002,0.2,0.002,0.1,0.002,0.0001,0.0002
Cond00869,0.793421373,200.0,0.2,2.0,0.002,0.2,0.002,0.2,0.2,0.002,2.0,2.0,0.02,0.002,0.002,0.2,0.002,0.1,0.002,0.0001,0.0002
Cond00870,0.7046118815,200.0,0.2,2.0,0.002,0.2,0.002,0.2,0.2,0.002,2.0,2.0,2.0,0.002,0.002,0.2,0.002,0.1,0.002,0.0001,0.0002
Cond00871,0.7568804971666667,200.0,0.2,2.0,0.002,0.2,0.002,0.2,0.2,0.002,2.0,2.0,0.2,0.0,0.002,0.2,0.002,0.1,0.002,0.0001,0.0002
Cond00872,0.743070346,200.0,0.2,2.0,0.002,0.2,0.002,0.2,0.2,0.002,2.0,2.0,0.2,0.02,0.002,0.2,0.002,0.1,0.002,0.0001,0.0002
Cond00873,0.8394742561666666,200.0,0.2,2.0,0.002,0.2,0.002,0.2,0.2,0.002,2.0,2.0,0.2,0.2,0.002,0.2,0.002,0.1,0.002,0.0001,0.0002
Cond00874,0.8530680641666667,200.0,0.2,2.0,0.002,0.2,0.002,0.2,0.2,0.002,2.0,2.0,0.2,2.0,0.002,0.2,0.002,0.1,0.002,0.0001,0.0002
Cond00875,0.7667744241666666,200.0,0.2,2.0,0.002,0.2,0.002,0.2,0.2,0.002,2.0,2.0,0.2,0.002,0.0,0.2,0.002,0.1,0.002,0.0001,0.0002
Cond00876,0.7555467066,200.0,0.2,2.0,0.002,0.2,0.002,0.2,0.2,0.002,2.0,2.0,0.2,0.002,0.02,0.2,0.002,0.1,0.002,0.0001,0.0002
Cond00877,0.7402139393333332,200.0,0.2,2.0,0.002,0.2,0.002,0.2,0.2,0.002,2.0,2.0,0.2,0.002,0.2,0.2,0.002,0.1,0.002,0.0001,0.0002
Cond00878,0.8332465936666668,200.0,0.2,2.0,0.002,0.2,0.002,0.2,0.2,0.002,2.0,2.0,0.2,0.002,2.0,0.2,0.002,0.1,0.002,0.0001,0.0002
Cond00879,0.7060971385,200.0,0.2,2.0,0.002,0.2,0.002,0.2,0.2,0.002,2.0,2.0,0.2,0.002,0.002,0.0,0.002,0.1,0.002,0.0001,0.0002
Cond00880,0.723996306,200.0,0.2,2.0,0.002,0.2,0.002,0.2,0.2,0.002,2.0,2.0,0.2,0.002,0.002,0.002,0.002,0.1,0.002,0.0001,0.0002
Cond00881,0.7349512921666667,200.0,0.2,2.0,0.002,0.2,0.002,0.2,0.2,0.002,2.0,2.0,0.2,0.002,0.002,0.02,0.002,0.1,0.002,0.0001,0.0002
Cond00882,0.698557451,200.0,0.2,2.0,0.002,0.2,0.002,0.2,0.2,0.002,2.0,2.0,0.2,0.002,0.002,2.0,0.002,0.1,0.002,0.0001,0.0002
Cond00883,0.7526701626666666,200.0,0.2,2.0,0.002,0.2,0.002,0.2,0.2,0.002,2.0,2.0,0.2,0.002,0.002,0.2,0.0,0.1,0.002,0.0001,0.0002
Cond00884,0.7797836090000001,200.0,0.2,2.0,0.002,0.2,0.002,0.2,0.2,0.002,2.0,2.0,0.2,0.002,0.002,0.2,0.02,0.1,0.002,0.0001,0.0002
Cond00885,0.7938753386666667,200.0,0.2,2.0,0.002,0.2,0.002,0.2,0.2,0.002,2.0,2.0,0.2,0.002,0.002,0.2,0.2,0.1,0.002,0.0001,0.0002
Cond00886,0.7484882225000001,200.0,0.2,2.0,0.002,0.2,0.002,0.2,0.2,0.002,2.0,2.0,0.2,0.002,0.002,0.2,2.0,0.1,0.002,0.0001,0.0002
Cond00887,0.7342647121666667,200.0,0.2,2.0,0.002,0.2,0.002,0.2,0.2,0.002,2.0,2.0,0.2,0.002,0.002,0.2,0.002,0.0,0.002,0.0001,0.0002
Cond00888,0.7328863026666667,200.0,0.2,2.0,0.002,0.2,0.002,0.2,0.2,0.002,2.0,2.0,0.2,0.002,0.002,0.2,0.002,0.001,0.002,0.0001,0.0002
Cond00889,0.7434923153333334,200.0,0.2,2.0,0.002,0.2,0.002,0.2,0.2,0.002,2.0,2.0,0.2,0.002,0.002,0.2,0.002,0.01,0.002,0.0001,0.0002
Cond00890,0.7420963238333332,200.0,0.2,2.0,0.002,0.2,0.002,0.2,0.2,0.002,2.0,2.0,0.2,0.002,0.002,0.2,0.002,0.805,0.002,0.0001,0.0002
Cond00891,0.7547152308333334,200.0,0.2,2.0,0.002,0.2,0.002,0.2,0.2,0.002,2.0,2.0,0.2,0.002,0.002,0.2,0.002,0.1,0.0,0.0001,0.0002
Cond00892,0.7656969053333333,200.0,0.2,2.0,0.002,0.2,0.002,0.2,0.2,0.002,2.0,2.0,0.2,0.002,0.002,0.2,0.002,0.1,0.02,0.0001,0.0002
Cond00893,0.7123630623333334,200.0,0.2,2.0,0.002,0.2,0.002,0.2,0.2,0.002,2.0,2.0,0.2,0.002,0.002,0.2,0.002,0.1,0.2,0.0001,0.0002
Cond00894,0.7510556254999999,200.0,0.2,2.0,0.002,0.2,0.002,0.2,0.2,0.002,2.0,2.0,0.2,0.002,0.002,0.2,0.002,0.1,2.0,0.0001,0.0002
Cond00943,0.749144891,200.0,0.2,2.0,0.002,0.2,0.002,0.2,0.2,0.002,2.0,2.0,0.2,0.002,0.002,0.2,0.002,0.1,0.002,0.0,0.0002
Cond00944,0.7504945561666667,200.0,0.2,2.0,0.002,0.2,0.002,0.2,0.2,0.002,2.0,2.0,0.2,0.002,0.002,0.2,0.002,0.1,0.002,0.001,0.0002
Cond00945,0.7305662123333333,200.0,0.2,2.0,0.002,0.2,0.002,0.2,0.2,0.002,2.0,2.0,0.2,0.002,0.002,0.2,0.002,0.1,0.002,0.01,0.0002
Cond00946,0.7123301388333333,200.0,0.2,2.0,0.002,0.2,0.002,0.2,0.2,0.002,2.0,2.0,0.2,0.002,0.002,0.2,0.002,0.1,0.002,0.1,0.0002
Cond00947,0.7537806693333334,200.0,0.2,2.0,0.002,0.2,0.002,0.2,0.2,0.002,2.0,2.0,0.2,0.002,0.002,0.2,0.002,0.1,0.002,0.0001,0.0
Cond00948,0.7580080803333334,200.0,0.2,2.0,0.002,0.2,0.002,0.2,0.2,0.002,2.0,2.0,0.2,0.002,0.002,0.2,0.002,0.1,0.002,0.0001,0.002
Cond00949,0.7606995501666667,200.0,0.2,2.0,0.002,0.2,0.002,0.2,0.2,0.002,2.0,2.0,0.2,0.002,0.002,0.2,0.002,0.1,0.002,0.0001,0.02
Cond00950,0.7356095071666666,200.0,0.2,2.0,0.002,0.2,0.002,0.2,0.2,0.002,2.0,2.0,0.2,0.002,0.002,0.2,0.002,0.1,0.002,0.0001,0.2
Cond00967,0.5708747076666666,0.02,0.0,0.0,0.0,0.0,0.0,0.0,0.0,0.0,0.0,0.0,0.0,0.0,0.0,0.0,0.0,0.0,0.0,0.0,0.0
Cond00968,0.5348695640833333,0.22,0.0,0.0,0.0,0.0,0.0,0.0,0.0,0.0,0.0,0.0,0.0,0.0,0.0,0.0,0.0,0.0,0.0,0.0,0.0
Cond00969,0.747133583,2.0,0.0,0.0,0.0,0.0,0.0,0.0,0.0,0.0,0.0,0.0,0.0,0.0,0.0,0.0,0.0,0.0,0.0,0.0,0.0
Cond00970,0.7410351548333334,20.0,0.0,0.0,0.0,0.0,0.0,0.0,0.0,0.0,0.0,0.0,0.0,0.0,0.0,0.0,0.0,0.0,0.0,0.0,0.0
Cond00971,0.7311901576666666,200.0,0.0,0.0,0.0,0.0,0.0,0.0,0.0,0.0,0.0,0.0,0.0,0.0,0.0,0.0,0.0,0.0,0.0,0.0,0.0
Cond01012,1.4337833259565218,42.22,0.48,0.42,0.8,0.48,0.06,0.42,0.4,0.48,0.38,0.38,0.42,0.44,0.48,0.062,0.482,0.241,0.064,0.021,0.0028
Cond01021,1.3388984230833334,43.42,0.48,0.46,0.78,0.48,0.058,0.4,1.6,0.48,0.4,0.4,0.42,0.44,0.46,0.064,0.468,0.2365,0.062,0.02,0.0028
Cond01026,1.0138672835,43.42,0.48,0.46,0.78,0.48,0.058,0.4,0.0,0.48,0.4,0.4,0.42,0.44,0.46,0.064,0.468,0.2365,0.062,0.02,0.0028
Cond01027,1.2034816722000001,43.42,0.48,0.46,0.78,0.48,0.058,0.4,0.4,0.48,0.4,0.4,0.42,0.44,0.46,0.064,0.468,0.2365,0.062,0.02,0.0028
Cond01028,1.3125955969999998,43.42,0.48,0.46,0.78,0.48,0.058,0.4,0.8,0.48,0.4,0.4,0.42,0.44,0.46,0.064,0.468,0.2365,0.062,0.02,0.0028
Cond01029,1.335155696,43.42,0.48,0.46,0.78,0.48,0.058,0.4,1.2,0.48,0.4,0.4,0.42,0.44,0.46,0.064,0.468,0.2365,0.062,0.02,0.0028
